aX,aY,aZ,gX,gY,gZ
-0.200,0.691,0.616,-93.380,-13.300,-16.590
-0.176,0.664,0.649,-84.280,-13.650,-16.940
-0.171,0.657,0.676,-70.840,-13.790,-16.800
-0.189,0.671,0.696,-61.110,-13.650,-15.960
-0.205,0.680,0.717,-51.450,-13.510,-14.840
-0.202,0.687,0.727,-38.920,-12.740,-13.300
-0.193,0.693,0.732,-29.610,-11.760,-12.390
-0.184,0.696,0.742,-20.510,-10.430,-10.710
-0.187,0.701,0.744,-11.270,-8.960,-9.030
-0.193,0.699,0.737,1.050,-7.980,-6.580
-0.199,0.698,0.733,10.150,-6.860,-4.480
-0.194,0.694,0.724,19.600,-5.110,-2.520
-0.184,0.693,0.709,28.840,-3.780,17.220
-0.179,0.711,0.691,40.390,-2.240,2.310
-0.175,0.739,0.672,48.230,-0.840,5.250
-0.172,0.768,0.640,54.600,1.050,8.050
-0.169,0.797,0.610,59.850,2.170,10.850
-0.158,0.817,0.584,63.560,3.290,14.420
-0.148,0.826,0.565,67.340,4.270,17.010
-0.142,0.828,0.540,70.280,5.040,18.550
-0.144,0.822,0.520,73.150,5.670,19.880
-0.140,0.822,0.501,76.510,6.090,20.650
-0.126,0.824,0.487,79.730,6.160,20.650
-0.116,0.828,0.459,83.020,6.510,20.790
-0.109,0.850,0.441,84.420,6.650,20.860
-0.110,0.868,0.423,85.190,6.370,20.440
-0.107,0.877,0.397,85.960,5.950,19.880
-0.102,0.885,0.386,86.660,5.530,19.180
-0.094,0.904,0.375,87.360,4.970,18.270
-0.093,0.916,0.356,87.430,4.410,16.940
-0.099,0.931,0.338,87.150,3.710,16.030
-0.105,0.940,0.322,86.800,2.730,14.840
-0.105,0.947,0.298,86.170,1.330,13.440
-0.102,0.945,0.277,85.820,0.420,12.180
-0.098,0.945,0.267,86.030,-0.490,11.130
-0.102,0.964,0.255,85.470,-1.470,9.940
-0.100,0.972,0.238,85.120,-1.820,9.240
-0.093,0.975,0.208,84.280,-2.730,8.610
-0.100,0.987,0.195,83.160,-3.290,7.980
-0.101,1.000,0.180,81.340,-4.060,7.490
-0.101,1.004,0.163,80.290,-4.340,7.630
-0.094,1.010,0.148,79.100,-4.690,7.770
-0.089,1.018,0.132,77.630,-4.900,7.770
-0.086,1.026,0.119,76.160,-5.110,7.770
-0.085,1.028,0.112,73.780,-5.180,8.400
-0.080,1.027,0.100,72.030,-5.110,8.890
-0.076,1.028,0.098,70.280,-5.040,9.030
-0.076,1.022,0.087,68.810,-5.110,8.610
-0.078,1.012,0.078,67.410,-5.110,7.980
-0.073,1.011,0.072,65.240,-5.250,7.140
-0.068,1.018,0.068,63.700,-5.180,6.090
-0.068,1.019,0.049,62.230,-4.830,5.320
-0.076,1.017,0.040,60.550,-4.410,4.130
-0.074,1.025,0.035,58.800,-4.340,2.590
-0.076,1.031,0.028,56.210,-4.130,1.610
-0.078,1.044,0.023,54.180,-3.990,0.560
-0.076,1.051,0.015,52.080,-3.500,-0.070
-0.078,1.051,0.008,49.560,-3.220,-0.700
-0.070,1.061,0.006,45.990,-3.010,-1.680
-0.066,1.065,-0.001,43.610,-2.660,-1.820
-0.071,1.054,-0.013,41.650,-2.170,-2.100
-0.082,1.051,-0.017,39.900,-1.820,-2.380
-0.087,1.028,-0.019,38.430,-1.820,-3.220
-0.093,1.031,-0.022,37.590,-2.170,-3.850
-0.087,1.042,-0.032,36.260,-1.960,-3.710
-0.088,1.055,-0.038,34.090,-1.610,-3.010
-0.095,1.053,-0.048,32.060,-1.750,-2.380
-0.099,1.054,-0.046,30.100,-2.030,-1.750
-0.095,1.059,-0.046,27.790,-2.100,-0.630
-0.097,1.065,-0.044,26.110,-2.450,0.070
-0.101,1.066,-0.054,24.570,-2.590,0.560
-0.103,1.056,-0.068,22.680,-2.870,1.120
-0.094,1.058,-0.067,20.370,-3.010,1.750
-0.083,1.070,-0.069,18.690,-2.730,2.100
-0.086,1.069,-0.075,16.730,-2.870,2.310
-0.091,1.070,-0.072,13.860,-2.800,2.310
-0.088,1.068,-0.078,11.550,-3.010,2.450
-0.081,1.060,-0.081,10.150,-2.870,2.380
-0.081,1.051,-0.075,9.100,-2.800,2.100
-0.086,1.038,-0.072,8.540,-3.080,1.610
-0.086,1.037,-0.077,7.770,-3.290,1.470
-0.081,1.036,-0.082,6.790,-3.430,1.470
-0.079,1.037,-0.083,5.600,-3.500,1.750
-0.080,1.033,-0.080,4.130,-3.500,1.890
-0.081,1.024,-0.081,3.500,-3.640,1.750
-0.086,1.018,-0.074,3.220,-3.710,1.540
-0.085,1.012,-0.077,2.940,-3.710,1.400
-0.079,1.012,-0.079,2.590,-3.570,1.050
-0.074,1.011,-0.079,2.170,-3.430,1.120
-0.074,1.013,-0.077,1.470,-3.080,1.120
-0.077,1.012,-0.080,0.910,-2.660,1.190
-0.074,1.010,-0.075,0.420,-2.380,0.980
-0.069,1.010,-0.074,0.070,-2.100,0.630
-0.073,1.008,-0.071,0.000,-1.680,0.490
-0.073,1.007,-0.068,-0.280,-1.190,0.000
-0.071,1.006,-0.068,-0.210,-0.770,-0.490
-0.071,1.004,-0.068,-0.350,-0.280,-0.840
-0.077,1.003,-0.063,-0.280,0.000,-1.120
-0.073,1.006,-0.061,-0.210,0.350,-1.400
-0.077,1.004,-0.056,0.210,0.700,-1.890
-0.083,1.005,-0.056,0.490,0.840,-2.170
-0.087,1.004,-0.056,0.910,0.980,-2.030
-0.088,1.003,-0.052,1.190,1.050,-2.240
-0.089,1.005,-0.051,1.330,0.980,-2.310
-0.091,1.006,-0.052,1.400,0.980,-2.310
-0.097,1.010,-0.052,1.470,0.840,-2.240
-0.094,1.006,-0.051,1.330,0.840,-1.960
-0.095,1.006,-0.045,1.470,0.630,-1.820
-0.094,1.007,-0.043,1.680,0.490,-1.820
-0.097,1.007,-0.042,1.750,0.210,-1.680
-0.098,1.006,-0.040,1.960,-0.140,-1.680
-0.097,1.004,-0.043,2.240,-0.350,-1.680
-0.099,1.006,-0.040,2.520,-0.630,-1.680
-0.102,1.003,-0.043,2.800,-0.630,-1.680
-0.105,1.004,-0.042,3.080,-0.840,-1.820
-0.105,1.007,-0.042,3.290,-0.910,-1.680
-0.103,1.010,-0.045,3.290,-1.050,-1.610
-0.102,1.014,-0.050,3.220,-1.120,-1.400
-0.105,1.016,-0.050,3.290,-1.120,-1.120
-0.073,1.204,-0.244,-39.480,8.610,-2.380
-0.072,1.214,-0.253,-52.010,9.310,-2.310
-0.068,1.218,-0.251,-62.020,9.730,-2.520
-0.073,1.220,-0.251,-71.960,9.800,-2.590
-0.076,1.209,-0.249,-81.970,9.450,-3.150
-0.078,1.197,-0.244,-94.430,9.030,-3.850
-0.074,1.191,-0.230,-103.390,8.190,-4.760
-0.072,1.182,-0.222,-112.700,7.280,-5.530
-0.078,1.167,-0.214,-124.810,6.440,-6.790
-0.082,1.147,-0.196,-133.630,5.180,-7.840
-0.081,1.120,-0.169,-140.910,3.920,-9.170
-0.075,1.097,-0.142,-147.560,2.800,-10.990
-0.071,1.071,-0.119,-155.120,1.890,-11.480
-0.075,1.054,-0.092,-160.090,0.700,-11.760
-0.078,1.021,-0.044,-163.940,-0.140,-11.830
-0.080,0.975,-0.000,-166.320,-1.120,-12.180
-0.075,0.939,0.040,-166.600,-1.960,-12.320
-0.081,0.900,0.096,-165.760,-3.220,-12.110
-0.088,0.860,0.140,-163.590,-4.200,-12.390
-0.087,0.808,0.193,-158.690,-5.740,-12.670
-0.094,0.793,0.283,-154.280,-4.620,-12.810
-0.047,0.782,0.326,-146.720,-3.850,-13.370
-0.053,0.742,0.364,-135.520,-4.060,-15.680
-0.083,0.748,0.411,-127.260,-3.850,-18.060
-0.100,0.771,0.459,-120.610,-2.870,-19.600
-0.111,0.764,0.468,-115.500,-2.170,-20.860
-0.125,0.745,0.495,-109.550,-1.470,-21.210
-0.136,0.728,0.543,-104.020,-1.400,-21.420
-0.169,0.695,0.604,-96.320,-1.470,-21.210
-0.192,0.662,0.651,-82.320,-1.820,-20.230
-0.202,0.639,0.694,-69.720,-2.310,-19.600
-0.202,0.639,0.727,-56.770,-2.800,-18.550
-0.207,0.645,0.740,-43.960,-2.940,-15.820
-0.214,0.668,0.750,-28.210,-2.660,-13.020
-0.218,0.680,0.757,-17.360,-2.730,-10.150
-0.220,0.692,0.757,-6.510,-2.380,-7.000
-0.214,0.712,0.753,6.930,-2.170,-3.290
-0.205,0.723,0.739,15.960,-1.750,-0.420
-0.203,0.735,0.711,24.080,-0.980,2.590
-0.200,0.749,0.683,31.360,-0.420,5.390
-0.190,0.759,0.660,37.940,0.350,8.120
-0.184,0.767,0.637,46.130,1.050,11.060
-0.172,0.774,0.611,52.080,1.680,13.020
-0.160,0.788,0.590,57.540,2.450,14.770
-0.148,0.802,0.554,62.160,3.360,16.450
-0.142,0.813,0.534,66.010,3.850,17.920
-0.131,0.819,0.518,69.440,4.340,19.040
-0.124,0.826,0.504,73.710,4.550,20.090
-0.118,0.831,0.487,76.790,4.550,20.440
-0.112,0.838,0.472,79.800,4.340,20.370
-0.109,0.847,0.446,82.530,4.340,20.090
-0.102,0.862,0.429,84.420,4.200,20.020
-0.094,0.885,0.413,86.030,4.060,19.950
-0.087,0.902,0.389,86.380,3.920,19.740
-0.089,0.906,0.371,86.870,3.640,19.880
-0.089,0.913,0.359,87.290,3.360,19.670
-0.089,0.915,0.337,87.920,2.800,19.390
-0.084,0.916,0.319,88.760,2.310,19.110
-0.089,0.926,0.305,107.380,1.610,18.340
-0.093,0.939,0.288,89.880,0.910,17.360
-0.095,0.946,0.265,89.810,0.350,16.310
-0.094,0.943,0.232,89.810,-0.910,15.260
-0.101,0.945,0.226,89.250,-1.190,14.560
-0.095,0.961,0.213,88.760,-1.610,13.300
-0.088,0.970,0.192,88.340,-1.890,12.180
-0.088,0.967,0.160,88.130,-2.800,11.480
-0.087,0.963,0.149,87.990,-3.150,11.270
-0.083,0.971,0.147,88.200,-3.710,10.920
-0.077,0.987,0.132,89.180,-4.340,10.220
-0.080,0.990,0.111,89.670,-4.830,9.800
-0.082,1.000,0.098,89.390,-5.180,9.450
-0.082,1.003,0.083,87.920,-5.670,9.240
-0.076,1.006,0.071,86.240,-6.090,7.840
-0.072,1.018,0.057,84.140,-6.580,6.860
-0.065,1.031,0.036,82.600,-6.510,6.370
-0.071,1.038,0.021,80.780,-6.300,6.230
-0.074,1.047,0.011,78.540,-6.440,6.230
-0.070,1.052,0.005,75.250,-6.440,5.950
-0.061,1.063,-0.008,72.660,-6.510,5.600
-0.059,1.062,-0.017,69.860,-6.440,5.110
-0.063,1.067,-0.025,66.430,-6.230,4.620
-0.068,1.081,-0.040,61.880,-6.230,4.270
-0.063,1.096,-0.050,58.100,-5.880,4.410
-0.068,1.099,-0.078,53.900,-5.810,4.340
-0.075,1.097,-0.087,49.840,-5.670,4.480
-0.076,1.098,-0.089,44.310,-5.460,4.830
-0.074,1.091,-0.093,40.740,-5.460,4.690
-0.078,1.087,-0.105,37.310,-5.320,4.340
-0.078,1.077,-0.110,34.090,-5.320,3.850
-0.081,1.068,-0.115,30.030,-5.460,3.430
-0.078,1.057,-0.117,27.230,-5.530,3.010
-0.078,1.047,-0.114,25.130,-5.810,2.450
-0.070,1.042,-0.115,23.870,-6.160,1.890
-0.067,1.044,-0.115,22.190,-6.720,1.820
-0.064,1.048,-0.113,21.280,-7.140,1.540
-0.067,1.049,-0.119,19.880,-7.420,1.750
-0.070,1.049,-0.121,17.780,-7.700,1.890
-0.071,1.046,-0.122,16.030,-7.910,1.960
-0.066,1.042,-0.122,14.560,-8.470,1.890
-0.064,1.034,-0.121,13.370,-8.750,1.890
-0.060,1.028,-0.120,12.180,-8.820,1.610
-0.057,1.029,-0.122,11.480,-8.890,1.400
-0.050,1.037,-0.122,10.290,-8.680,1.330
-0.045,1.044,-0.122,8.190,-8.330,1.330
-0.041,1.052,-0.125,6.440,-7.910,1.470
-0.041,1.045,-0.125,4.900,-7.490,1.330
-0.038,1.034,-0.120,3.640,-6.860,0.910
-0.033,1.022,-0.114,2.800,-6.510,0.280
-0.030,1.021,-0.108,2.240,-6.090,-0.490
-0.029,1.023,-0.110,1.540,-5.740,-0.980
-0.031,1.023,-0.108,0.770,-5.040,-1.260
-0.029,1.018,-0.106,-17.920,-4.620,-2.030
-0.025,1.009,-0.105,-0.980,-3.920,-2.590
-0.030,1.005,-0.102,-1.260,-3.500,-3.010
-0.030,0.999,-0.098,-1.400,-3.080,-3.360
-0.029,1.003,-0.092,-1.540,-2.870,-3.710
-0.030,1.001,-0.093,-1.540,-2.730,-3.640
-0.030,1.001,-0.092,-1.540,-2.520,-3.500
-0.029,1.010,-0.093,-1.400,-2.170,-3.290
-0.081,1.195,-0.236,-47.110,3.850,-1.330
-0.076,1.202,-0.241,-58.870,4.060,-1.750
-0.066,1.199,-0.242,-67.900,4.060,-2.310
-0.065,1.193,-0.239,-79.730,4.060,-3.010
-0.068,1.189,-0.234,-88.410,3.640,-3.990
-0.060,1.186,-0.227,-97.020,3.500,-4.760
-0.056,1.188,-0.225,-109.130,3.220,-6.090
-0.056,1.180,-0.217,-118.160,2.870,-6.650
-0.060,1.161,-0.188,-126.980,2.240,-7.420
-0.060,1.123,-0.162,-134.050,1.540,-9.030
-0.058,1.073,-0.131,-140.770,0.700,-10.220
-0.055,1.040,-0.081,-144.060,-0.560,-11.200
-0.065,1.018,-0.046,-146.440,-1.960,-12.810
-0.071,0.995,-0.013,-148.820,-3.220,-13.720
-0.079,0.982,0.025,-150.010,-4.830,-14.420
-0.082,0.975,0.058,-151.130,-5.880,-14.980
-0.084,0.947,0.089,-152.040,-6.930,-15.120
-0.092,0.906,0.003,-152.110,-9.520,-15.190
-0.101,0.887,0.198,-151.900,-7.070,-14.490
-0.050,0.874,0.231,-147.770,-7.070,-13.860
-0.063,0.823,0.263,-141.820,-7.630,-14.210
-0.102,0.802,0.334,-134.890,-7.840,-14.770
-0.101,0.813,0.390,-125.510,-7.420,-16.660
-0.096,0.806,0.411,-119.210,-7.210,-17.920
-0.102,0.802,0.434,-114.660,-6.580,-17.500
-0.111,0.802,0.464,-111.230,-6.160,-16.450
-0.125,0.772,0.493,-106.050,-5.950,-15.190
-0.138,0.733,0.533,-99.820,-6.160,-14.210
-0.148,0.695,0.599,-91.070,-6.580,-13.370
-0.153,0.653,0.633,-76.790,-7.000,-12.740
-0.158,0.636,0.659,-65.100,-7.140,-12.110
-0.162,0.630,0.689,-53.900,-6.860,-11.550
-0.165,0.640,0.714,-39.830,-6.230,-10.500
-0.168,0.644,0.729,-29.610,-5.810,-9.940
-0.166,0.643,0.744,-19.250,-4.900,-8.820
-0.167,0.645,0.755,-8.680,-3.990,-7.700
-0.173,0.642,0.756,5.810,-3.080,-6.790
-0.180,0.642,0.745,16.380,-2.100,-5.810
-0.186,0.652,0.741,26.880,-1.400,-4.550
-0.184,0.690,0.729,39.340,-1.050,-2.660
-0.178,0.727,0.703,47.600,-0.490,-0.420
-0.176,0.766,0.662,54.040,0.280,2.450
-0.177,0.796,0.632,59.080,0.560,5.460
-0.178,0.813,0.608,63.070,0.980,8.540
-0.172,0.821,0.590,67.760,0.770,12.250
-0.158,0.834,0.578,71.120,0.700,14.560
-0.148,0.839,0.553,74.340,0.700,16.940
-0.146,0.837,0.525,77.350,0.490,19.110
-0.144,0.841,0.500,80.010,-0.070,20.230
-0.138,0.847,0.485,82.250,-0.490,21.280
-0.125,0.860,0.466,84.770,-0.980,21.840
-0.118,0.866,0.443,86.380,-1.400,21.910
-0.113,0.870,0.416,87.990,-1.610,21.840
-0.102,0.883,0.404,89.180,-1.890,21.490
-0.097,0.892,0.385,90.090,-2.030,20.720
-0.095,0.900,0.363,91.280,-2.520,20.300
-0.098,0.895,0.332,91.980,-3.150,19.390
-0.099,0.895,0.314,93.030,-3.780,18.270
-0.097,0.905,0.293,94.640,-4.130,17.150
-0.089,0.932,0.276,95.760,-4.480,16.450
-0.080,0.954,0.249,96.460,-4.620,15.610
-0.083,0.958,0.205,96.530,-5.180,15.050
-0.100,0.959,0.194,95.410,-5.530,14.140
-0.094,0.982,0.184,92.820,-5.740,13.020
-0.073,1.015,0.163,90.930,-6.160,11.760
-0.071,1.031,0.125,89.460,-6.370,11.760
-0.081,1.048,0.114,88.270,-6.300,12.600
-0.098,1.030,0.102,87.010,-6.440,14.070
-0.102,1.005,0.090,86.660,-6.650,14.280
-0.080,1.005,0.081,85.470,-7.140,13.720
-0.058,1.022,0.064,83.230,-7.280,13.090
-0.058,1.050,0.042,79.870,-7.420,12.740
-0.061,1.067,0.028,74.550,-7.420,13.020
-0.070,1.068,0.020,71.050,-7.630,13.020
-0.071,1.052,0.014,69.020,-7.980,12.040
-0.067,1.031,0.001,67.900,-8.190,10.500
-0.057,1.021,-0.006,66.360,-8.190,8.470
-0.049,1.050,-0.017,63.980,-8.120,7.280
-0.046,1.073,-0.041,60.550,-7.700,6.860
-0.046,1.081,-0.052,56.560,-7.420,6.650
-0.044,1.079,-0.051,51.170,-7.140,6.440
-0.040,1.074,-0.049,48.160,-7.140,6.580
-0.037,1.058,-0.048,45.570,-7.210,6.160
-0.038,1.039,-0.042,43.890,-7.280,5.670
-0.038,1.030,-0.045,42.000,-7.630,4.550
-0.038,1.034,-0.043,40.670,-8.330,3.780
-0.036,1.042,-0.049,38.920,-8.960,3.360
-0.038,1.047,-0.058,37.310,-9.310,2.870
-0.038,1.050,-0.068,35.000,-9.520,2.730
-0.041,1.050,-0.079,32.970,-9.450,2.170
-0.040,1.051,-0.086,30.660,-9.380,1.680
-0.035,1.060,-0.097,27.160,-8.890,1.540
-0.036,1.063,-0.102,24.430,-8.610,1.540
-0.040,1.063,-0.105,22.330,-8.050,1.470
-0.038,1.059,-0.108,19.950,-7.560,1.470
-0.032,1.060,-0.109,17.570,-7.210,1.330
-0.034,1.058,-0.108,16.030,-6.720,1.260
-0.039,1.048,-0.112,14.630,-6.440,1.050
-0.039,1.045,-0.111,13.230,-6.160,0.910
-0.038,1.045,-0.109,11.550,-5.950,0.700
-0.039,1.047,-0.110,10.220,-5.740,0.490
-0.037,1.047,-0.112,8.960,-5.670,0.420
-0.037,1.043,-0.108,7.700,-5.530,0.490
-0.039,1.031,-0.108,6.440,-5.530,0.210
-0.036,1.025,-0.105,5.950,-5.390,0.000
-0.029,1.021,-0.103,5.250,-5.180,-0.350
-0.026,1.024,-0.103,4.690,-5.040,-0.770
-0.024,1.022,-0.103,4.200,-4.830,-0.910
-0.023,1.017,-0.103,3.710,-4.760,-0.770
-0.018,1.017,-0.099,3.640,-4.480,-0.980
-0.020,1.021,-0.100,3.500,-4.200,-1.190
-0.020,1.021,-0.102,3.080,-3.920,-1.470
-0.022,1.022,-0.102,2.660,-3.710,-1.680
-0.023,1.018,-0.097,2.170,-3.500,-1.960
-0.024,1.015,-0.095,1.750,-3.500,-2.730
-0.028,1.014,-0.087,1.540,-3.570,-3.080
-0.031,1.014,-0.086,1.330,-3.430,-3.570
-0.033,1.014,-0.087,1.260,-3.430,-4.200
-0.035,1.007,-0.084,0.980,-3.360,-4.900
-0.085,1.208,-0.255,-26.740,-0.070,-7.420
-0.077,1.252,-0.285,-40.740,0.630,-7.350
-0.069,1.280,-0.326,-52.990,1.050,-6.790
-0.064,1.304,-0.356,-71.400,1.610,-5.530
-0.048,1.307,-0.374,-85.750,2.450,-4.900
-0.032,1.284,-0.372,-99.680,3.850,-4.270
-0.017,1.250,-0.356,-111.720,4.480,-4.200
-0.021,1.208,-0.321,-124.390,4.690,-5.600
-0.024,1.171,-0.288,-131.600,4.550,-7.070
-0.021,1.158,-0.259,-138.110,4.410,-8.190
-0.021,1.147,-0.238,-144.830,4.760,-9.100
-0.023,1.112,-0.212,-153.860,5.040,-10.360
-0.030,1.062,-0.176,-159.320,5.740,-11.760
-0.034,1.015,-0.116,-163.380,6.160,-13.510
-0.035,0.982,-0.076,-166.390,6.510,-15.260
-0.047,0.950,-0.038,-168.490,6.090,-15.610
-0.072,0.924,0.031,-169.330,7.700,-15.960
-0.054,0.897,0.085,-168.210,8.050,-16.310
-0.060,0.845,0.137,-163.170,7.910,-16.800
-0.084,0.795,0.200,-157.150,7.910,-16.940
-0.094,0.789,0.289,-150.360,8.050,-16.940
-0.087,0.792,0.340,-143.080,8.330,-17.430
-0.088,0.804,0.374,-134.470,8.540,-19.880
-0.099,0.800,0.392,-129.850,9.030,-20.650
-0.111,0.785,0.425,-126.910,9.870,-20.300
-0.117,0.777,0.474,-124.250,10.360,-19.740
-0.130,0.746,0.510,-119.910,10.570,-19.250
-0.145,0.685,0.557,-110.040,10.430,-19.040
-0.162,0.649,0.623,-100.100,9.940,-18.760
-0.175,0.627,0.666,-88.690,9.590,-17.920
-0.179,0.619,0.707,-72.730,8.960,-16.730
-0.184,0.623,0.737,-60.410,8.540,-15.400
-0.197,0.625,0.768,-48.790,7.560,-13.720
-0.210,0.630,0.783,-37.310,6.860,-12.110
-0.222,0.638,0.793,-22.470,5.950,-10.080
-0.223,0.652,0.802,-12.040,5.040,-8.470
-0.222,0.674,0.793,-2.310,4.130,-6.790
-0.219,0.703,0.779,8.890,3.500,-4.060
-0.221,0.726,0.765,15.750,2.940,-1.750
-0.223,0.729,0.746,22.540,2.240,0.560
-0.227,0.726,0.723,29.540,1.540,3.080
-0.222,0.728,0.705,36.820,0.770,5.390
-0.211,0.740,0.681,43.750,0.070,7.560
-0.204,0.759,0.651,50.190,-0.280,10.220
-0.199,0.788,0.624,56.980,-0.490,12.110
-0.190,0.810,0.598,60.480,-0.840,14.210
-0.179,0.828,0.571,63.560,-1.120,16.100
-0.174,0.834,0.552,66.290,-1.330,18.410
-0.171,0.832,0.538,69.790,-1.820,19.600
-0.166,0.828,0.528,72.870,-2.450,20.230
-0.155,0.829,0.517,76.020,-3.500,20.440
-0.151,0.832,0.501,79.030,-4.270,20.650
-0.144,0.838,0.487,82.530,-5.180,20.790
-0.136,0.853,0.471,84.770,-5.950,20.510
-0.133,0.864,0.456,86.310,-6.860,20.020
-0.118,0.872,0.428,87.920,-7.770,19.390
-0.114,0.876,0.406,89.040,-8.120,19.110
-0.105,0.885,0.387,90.440,-8.400,18.620
-0.098,0.889,0.369,91.490,-8.610,17.920
-0.088,0.895,0.352,92.750,-8.750,17.360
-0.083,0.899,0.327,93.940,-8.540,16.590
-0.087,0.913,0.310,94.360,-8.400,15.680
-0.085,0.922,0.288,94.430,-8.400,15.050
-0.085,0.937,0.269,93.730,-8.470,14.420
-0.085,0.948,0.249,93.380,-8.050,14.560
-0.086,0.953,0.222,92.890,-8.190,13.510
-0.078,0.957,0.214,92.470,-7.560,13.090
-0.071,0.973,0.199,91.490,-7.210,12.950
-0.068,0.980,0.186,90.720,-7.000,12.810
-0.065,0.981,0.160,90.230,-6.860,12.810
-0.070,0.974,0.140,89.810,-6.930,12.530
-0.072,0.973,0.128,89.880,-7.070,12.250
-0.069,0.981,0.119,90.300,-7.140,11.830
-0.074,0.996,0.102,90.580,-7.490,11.620
-0.072,1.013,0.082,89.950,-7.560,11.760
-0.076,1.029,0.052,88.410,-7.210,11.970
-0.073,1.039,0.031,86.030,-6.860,12.530
-0.069,1.055,0.021,82.320,-6.580,12.740
-0.062,1.064,0.013,79.380,-6.370,13.160
-0.062,1.067,-0.124,76.510,-5.810,13.300
-0.065,1.062,-0.016,73.710,-5.460,13.300
-0.060,1.061,-0.026,70.140,-5.320,12.880
-0.054,1.075,-0.037,66.850,-4.970,12.460
-0.058,1.090,-0.051,63.420,-4.760,12.040
-0.062,1.098,-0.073,59.780,-4.550,11.690
-0.066,1.100,-0.083,55.650,-4.620,11.410
-0.062,1.091,-0.084,50.750,-4.410,11.340
-0.061,1.079,-0.095,47.600,-4.760,10.710
-0.065,1.073,-0.101,44.800,-4.900,10.080
-0.064,1.067,-0.115,42.000,-4.760,9.660
-0.059,1.069,-0.126,37.870,-4.690,9.380
-0.056,1.071,-0.127,34.930,-4.690,9.100
-0.056,1.073,-0.128,31.990,-4.900,9.170
-0.054,1.069,-0.131,29.260,-5.250,9.100
-0.052,1.059,-0.134,26.950,-5.530,9.030
-0.049,1.053,-0.133,24.360,-5.950,8.680
-0.043,1.052,-0.130,22.890,-6.580,8.190
-0.039,1.046,-0.135,21.420,-7.000,7.770
-0.037,1.045,-0.137,19.810,-7.490,7.280
-0.034,1.043,-0.141,17.360,-7.560,6.720
-0.032,1.045,-0.139,15.610,-7.630,6.370
-0.028,1.045,-0.143,13.860,-7.840,5.950
-0.028,1.042,-0.143,11.550,-7.770,5.040
-0.024,1.036,-0.141,10.010,-7.840,4.410
-0.023,1.027,-0.139,8.610,-7.840,3.710
-0.013,1.030,-0.138,7.280,-7.630,3.150
-0.010,1.024,-0.138,5.810,-7.560,1.960
-0.008,1.017,-0.136,4.620,-7.420,1.050
-0.008,1.015,-0.130,3.570,-7.420,-0.070
-0.005,1.016,-0.119,2.450,-7.280,-1.120
-0.004,1.017,-0.115,1.610,-7.210,-2.590
-0.003,1.017,-0.120,1.260,-7.350,-3.500
-0.003,1.019,-0.114,1.330,-7.000,-3.990
-0.008,1.023,-0.109,0.980,-6.860,-4.690
-0.011,1.024,-0.110,0.280,-6.650,-4.900
-0.016,1.026,-0.107,-0.630,-6.580,-4.690
-0.019,1.023,-0.110,-1.260,-6.300,-4.200
-0.007,1.028,-0.110,-1.470,-6.370,-2.870
-0.003,1.052,-0.105,-1.610,-5.880,-0.910
-0.049,1.207,-0.260,-35.210,3.220,-7.350
-0.041,1.210,-0.279,-48.020,3.710,-8.400
-0.028,1.204,-0.294,-57.890,4.550,-9.100
-0.023,1.203,-0.293,-67.760,5.110,-9.590
-0.029,1.204,-0.289,-77.070,5.110,-10.360
-0.036,1.200,-0.283,-88.900,5.110,-11.270
-0.036,1.199,-0.275,-97.440,5.040,-12.040
-0.034,1.197,-0.266,-106.680,4.620,-12.670
-0.034,1.195,-0.252,-119.490,4.340,-13.720
-0.043,1.171,-0.230,-128.590,3.710,-14.630
-0.051,1.139,-0.197,-136.570,2.380,-15.680
-0.067,1.101,-0.160,-143.010,1.260,-17.290
-0.071,1.074,-0.132,-149.380,0.000,-19.460
-0.074,1.062,-0.100,-154.210,-1.540,-20.650
-0.081,1.052,-0.077,-158.830,-3.430,-21.210
-0.105,1.021,-0.055,-163.940,-5.250,-21.280
-0.111,0.992,0.124,-169.260,-5.460,-21.420
-0.090,0.973,0.053,-171.360,-6.300,-21.490
-0.097,0.922,0.091,-171.570,-6.930,-21.350
-0.107,0.888,0.141,-169.890,-7.490,-20.860
-0.107,0.863,0.229,-166.600,-7.700,-20.510
-0.100,0.834,0.283,-161.700,-7.560,-20.090
-0.102,0.805,0.350,-152.600,-7.700,-20.790
-0.125,0.789,0.401,-145.320,-8.400,-22.330
-0.146,0.758,0.427,-138.670,-8.890,-23.170
-0.146,0.747,0.460,-133.000,-8.960,-22.610
-0.146,0.741,0.498,-126.490,-8.470,-21.980
-0.156,0.712,0.532,-120.260,-7.910,-21.000
-0.172,0.675,0.589,-112.490,-7.630,-19.460
-0.182,0.645,0.651,-98.910,-7.700,-17.570
-0.188,0.617,0.693,-86.800,-7.560,-16.310
-0.184,0.601,0.742,-73.710,-7.420,-15.190
-0.183,0.587,0.765,-55.790,-6.860,-13.300
-0.187,0.590,0.782,-42.910,-6.370,-11.830
-0.188,0.609,0.796,-31.220,-5.670,-10.360
-0.195,0.633,0.793,-20.510,-4.830,-7.420
-0.198,0.664,0.784,-7.980,-4.270,-4.760
-0.202,0.687,0.778,1.050,-3.010,-2.380
-0.196,0.699,0.764,9.170,-1.610,0.140
-0.187,0.717,0.746,16.800,-0.490,2.450
-0.188,0.735,0.723,25.410,0.910,6.020
-0.189,0.740,0.696,31.220,1.890,8.750
-0.191,0.745,0.682,37.170,2.800,11.690
-0.192,0.753,0.665,43.120,3.500,14.210
-0.185,0.765,0.644,49.280,3.920,16.520
-0.177,0.781,0.619,54.880,4.480,18.620
-0.170,0.806,0.597,60.900,5.110,21.560
-0.158,0.824,0.577,63.700,5.460,23.520
-0.149,0.835,0.559,66.290,5.950,25.480
-0.144,0.833,0.538,68.950,6.160,26.810
-0.141,0.829,0.533,71.820,6.160,28.070
-0.131,0.830,0.523,74.900,5.950,28.420
-0.122,0.834,0.509,78.540,5.810,28.350
-0.110,0.842,0.492,80.920,5.460,27.930
-0.102,0.860,0.476,82.460,5.320,27.440
-0.097,0.874,0.451,83.370,5.320,26.530
-0.089,0.875,0.427,84.070,5.320,25.340
-0.083,0.872,0.410,84.840,5.320,24.290
-0.080,0.878,0.400,85.120,5.320,23.100
-0.082,0.890,0.382,85.470,5.110,22.120
-0.083,0.891,0.357,86.100,5.040,21.350
-0.081,0.899,0.344,86.730,4.830,20.020
-0.079,0.915,0.325,87.150,4.690,18.970
-0.075,0.928,0.303,86.870,4.620,18.200
-0.071,0.954,0.292,86.170,4.690,17.570
-0.068,0.981,0.277,84.070,4.480,16.940
-0.068,0.983,0.257,82.460,4.620,16.520
-0.069,0.980,0.238,80.780,4.270,15.610
-0.072,0.974,0.233,79.590,4.200,14.770
-0.064,0.969,0.222,78.820,3.920,13.790
-0.058,0.962,0.205,78.540,3.850,12.600
-0.056,0.949,0.195,78.890,3.710,10.990
-0.059,0.957,0.187,78.960,3.360,10.010
-0.057,0.965,0.173,79.310,2.800,8.890
-0.062,0.973,0.156,79.590,2.450,8.190
-0.063,0.976,0.135,79.800,1.890,8.050
-0.058,0.984,0.125,79.660,1.610,7.630
-0.054,0.991,0.110,79.450,1.400,7.350
-0.052,1.004,0.100,78.470,1.190,7.210
-0.047,1.018,0.085,77.140,1.050,7.070
-0.045,1.031,0.066,75.460,1.050,7.070
-0.043,1.037,0.052,73.220,1.120,7.000
-0.041,1.045,0.046,70.910,0.980,6.790
-0.044,1.042,0.039,68.670,0.700,6.020
-0.045,1.037,0.031,66.360,0.560,5.670
-0.041,1.037,0.025,64.610,0.000,4.900
-0.042,1.045,0.018,63.070,-0.490,3.710
-0.047,1.050,-0.006,61.250,-0.840,2.940
-0.054,1.055,-0.022,59.080,-1.400,2.450
-0.055,1.062,-0.028,55.650,-2.030,2.030
-0.059,1.070,-0.037,53.200,-2.800,1.960
-0.055,1.080,-0.054,50.960,-3.710,1.610
-0.062,1.076,-0.070,48.160,-4.480,1.260
-0.055,1.074,-0.075,44.940,-4.830,1.330
-0.058,1.085,-0.087,42.000,-6.370,0.490
-0.061,1.095,-0.091,39.130,-7.210,0.560
-0.062,1.094,-0.108,35.490,-8.050,0.840
-0.062,1.082,-0.122,32.200,-8.750,1.190
-0.060,1.075,-0.126,28.210,-9.380,0.770
-0.059,1.079,-0.130,25.480,-9.730,0.420
-0.056,1.084,-0.141,22.470,-10.220,0.770
-0.056,1.085,-0.148,19.180,-10.290,0.980
-0.057,1.082,-0.148,14.560,-10.360,1.260
-0.053,1.073,-0.149,11.200,-10.570,1.470
-0.046,1.064,-0.144,8.540,-10.710,1.190
-0.049,1.053,-0.136,6.510,-10.850,0.840
-0.053,1.046,-0.131,5.180,-11.130,0.490
-0.052,1.038,-0.124,3.780,-11.270,0.000
-0.049,1.032,-0.119,2.870,-11.550,-0.280
-0.052,1.025,-0.114,1.890,-11.970,-0.490
-0.040,1.015,-0.110,1.330,-12.110,-0.630
-0.042,1.019,-0.105,0.910,-12.320,-1.330
-0.042,1.015,-0.104,0.700,-12.180,-1.890
-0.042,1.013,-0.101,0.280,-11.900,-2.240
-0.035,1.029,-0.098,-0.350,-11.900,-2.310
-0.028,1.044,-0.090,-1.610,-11.480,-1.890
-0.026,1.039,-0.091,-2.520,-10.710,-1.540
-0.029,1.027,-0.090,-3.220,-10.220,-1.680
-0.030,1.013,-0.081,-3.430,-9.800,-2.100
-0.049,1.214,-0.252,-32.620,3.850,-6.300
-0.044,1.247,-0.271,-43.260,5.950,-6.300
-0.042,1.272,-0.280,-54.950,7.700,-6.440
-0.042,1.292,-0.298,-71.470,9.380,-6.720
-0.046,1.298,-0.314,-84.770,11.060,-7.560
-0.047,1.301,-0.313,-98.350,12.250,-7.700
-0.060,1.296,-0.306,-116.200,12.950,-7.840
-0.066,1.264,-0.300,-128.730,13.230,-8.050
-0.069,1.232,-0.274,-139.720,12.880,-8.260
-0.075,1.196,-0.243,-149.450,11.900,-8.330
-0.087,1.128,-0.209,-159.320,10.500,-8.680
-0.102,1.079,-0.164,-164.290,8.610,-9.240
-0.102,1.039,-0.106,-167.860,5.950,-9.660
-0.107,1.008,-0.068,-170.730,3.640,-10.220
-0.119,0.962,-0.034,-173.670,1.540,-10.850
-0.124,0.912,-0.002,-174.720,-0.560,-11.410
-0.118,0.874,0.058,-175.280,-3.360,-11.830
-0.095,0.854,0.129,-173.390,-3.640,-12.460
-0.077,0.818,0.180,-167.790,-4.760,-13.580
-0.091,0.784,0.357,-161.140,-5.810,-15.120
-0.100,0.761,0.319,-153.580,-6.020,-17.080
-0.083,0.771,0.371,-146.090,-5.950,-21.140
-0.083,0.782,0.389,-137.620,-5.810,-24.150
-0.094,0.776,0.413,-133.140,-5.180,-25.900
-0.107,0.771,0.449,-129.500,-4.760,-27.230
-0.118,0.740,0.489,-123.760,-4.200,-27.300
-0.132,0.705,0.528,-117.460,-3.850,-27.370
-0.154,0.658,0.590,-109.130,-3.640,-27.090
-0.166,0.620,0.639,-98.350,-3.360,-26.530
-0.171,0.610,0.684,-81.900,-3.500,-25.900
-0.174,0.622,0.723,-69.650,-3.430,-24.500
-0.186,0.637,0.734,-58.310,-3.220,-22.610
-0.204,0.656,0.748,-44.660,-3.080,-19.110
-0.215,0.663,0.766,-35.140,-3.010,-16.380
-0.223,0.668,0.771,-25.830,-2.870,-13.790
-0.225,0.673,0.769,-16.450,-2.520,-10.920
-0.222,0.691,0.760,-4.690,-1.890,-7.140
-0.216,0.721,0.745,3.220,-1.120,-4.060
-0.211,0.747,0.724,10.010,17.640,-0.630
-0.205,0.764,0.697,16.450,1.120,3.010
-0.210,0.773,0.683,22.260,2.170,6.650
-0.221,0.775,0.668,28.070,2.730,9.660
-0.217,0.773,0.651,35.560,3.220,13.230
-0.205,0.778,0.636,41.370,3.920,15.610
-0.193,0.782,0.617,46.970,4.550,17.780
-0.184,0.785,0.590,52.570,5.390,20.020
-0.177,0.791,0.575,57.820,5.810,22.120
-0.168,0.803,0.562,62.790,6.020,24.220
-0.162,0.817,0.546,68.110,6.300,25.550
-0.153,0.826,0.529,71.680,6.370,26.600
-0.141,0.836,0.513,74.760,6.230,27.160
-0.125,0.841,0.486,77.350,6.370,27.720
-0.121,0.848,0.473,79.380,6.230,27.930
-0.117,0.854,0.462,81.970,5.810,27.860
-0.113,0.853,0.447,84.070,5.320,27.160
-0.113,0.853,0.427,86.310,4.830,25.900
-0.108,0.860,0.415,88.550,3.990,24.920
-0.102,0.872,0.390,90.020,3.290,23.520
-0.094,0.886,0.372,90.860,2.660,22.470
-0.088,0.898,0.350,91.350,2.310,21.280
-0.083,0.899,0.331,92.470,1.820,19.460
-0.081,0.898,0.316,93.310,1.190,17.850
-0.078,0.907,0.304,94.290,0.560,16.100
-0.075,0.916,0.276,95.270,-0.070,14.630
-0.076,0.921,0.250,95.970,-0.980,13.440
-0.086,0.929,0.237,96.460,-1.470,11.480
-0.083,0.941,0.227,96.250,-2.240,10.290
-0.078,0.949,0.210,96.320,-2.660,9.380
-0.071,0.948,0.185,96.740,-3.150,7.840
-0.061,0.944,0.167,97.440,-3.220,6.930
-0.062,0.943,0.159,97.930,-3.430,5.950
-0.061,0.956,0.152,98.490,-3.430,5.530
-0.060,0.960,0.136,99.330,-3.500,4.690
-0.071,0.963,0.104,99.680,-4.060,4.060
-0.072,0.973,0.098,99.680,-4.060,4.480
-0.062,1.119,0.096,98.980,-4.130,4.900
-0.056,1.006,0.072,98.350,-4.410,4.900
-0.057,1.008,0.045,97.440,-4.620,5.040
-0.065,1.009,0.025,96.250,-4.410,5.530
-0.066,1.007,0.014,94.710,-4.270,5.530
-0.065,1.004,0.002,93.800,-4.410,4.760
-0.063,1.009,-0.010,92.960,-4.340,3.990
-0.064,1.017,-0.030,92.190,-4.410,3.430
-0.067,1.028,-0.059,90.440,-3.920,3.430
-0.069,1.039,-0.072,88.270,-3.710,3.080
-0.071,1.051,-0.089,84.560,-3.850,2.240
-0.076,1.073,-0.103,81.200,-3.780,1.610
-0.079,1.092,-0.246,77.070,-3.850,2.030
-0.087,1.113,-0.140,72.240,-3.990,2.730
-0.094,1.123,-0.155,65.170,-4.130,3.290
-0.099,1.114,-0.173,60.480,-4.480,3.500
-0.099,1.109,-0.179,55.510,-4.900,3.430
-0.096,1.108,-0.193,50.820,-5.320,3.570
-0.096,1.109,-0.202,46.480,-5.530,3.640
-0.096,1.112,-0.214,40.180,-5.670,4.200
-0.092,1.115,-0.220,35.280,-5.880,4.620
-0.089,1.117,-0.226,30.450,-6.370,5.040
-0.084,1.110,-0.227,25.760,-6.300,5.250
-0.082,1.100,-0.225,20.230,-6.650,5.250
-0.077,1.103,-0.225,16.380,-6.790,5.600
-0.069,1.100,-0.223,12.810,-7.280,5.810
-0.077,1.081,-0.224,10.150,-7.560,6.090
-0.072,1.059,-0.213,8.120,-8.050,5.810
-0.060,1.043,-0.209,6.370,-8.260,5.810
-0.054,1.037,-0.203,5.670,-8.540,5.530
-0.054,1.030,-0.204,4.550,-8.750,5.320
-0.048,1.027,-0.206,3.220,-8.540,5.320
-0.040,1.024,-0.203,1.680,-8.260,5.320
-0.040,1.014,-0.200,0.070,-7.910,4.970
-0.036,1.011,-0.195,-0.910,-7.350,4.620
-0.031,1.008,-0.185,-1.820,-6.650,4.130
-0.027,1.010,-0.184,-2.450,-6.020,3.640
-0.021,1.014,-0.181,-3.570,-5.530,3.290
-0.020,1.016,-0.175,-4.270,-4.620,2.800
-0.025,1.009,-0.167,-4.970,-3.990,2.170
-0.023,1.010,-0.163,-5.810,-3.570,1.400
-0.026,1.011,-0.154,-6.370,-3.010,0.770
-0.029,1.006,-0.152,-6.510,-2.240,0.350
-0.026,1.001,-0.145,-6.580,-1.680,-0.140
-0.005,1.253,-0.242,-66.150,17.570,-8.610
-0.009,1.255,-0.246,-78.750,19.180,-9.730
-0.009,1.235,-0.239,-94.920,20.650,-12.040
-0.012,1.206,-0.229,-105.770,21.630,-14.210
-0.012,1.199,-0.223,-115.990,22.960,-16.590
-0.010,1.193,-0.230,-125.930,23.800,-19.250
-0.005,1.194,-0.241,-140.280,24.570,-21.630
-0.005,1.184,-0.246,-151.550,25.340,-22.120
-0.018,1.157,-0.234,-162.050,25.760,-21.770
-0.029,1.108,-0.170,-169.680,25.270,-21.700
-0.045,1.043,-0.118,-173.460,24.220,-22.960
-0.067,0.957,-0.083,-174.090,22.680,-24.430
-0.086,0.921,-0.057,-173.320,20.160,-25.410
-0.100,0.909,-0.005,-173.040,17.570,-25.550
-0.114,0.763,0.036,-171.290,14.770,-24.780
-0.139,0.813,0.090,-166.810,11.200,-24.570
-0.163,0.752,0.200,-158.340,5.670,-24.920
-0.171,0.698,0.286,-140.910,1.470,-27.510
-0.169,0.661,0.355,-127.120,-3.780,-32.550
-0.167,0.704,0.439,-112.980,-3.570,-37.800
-0.138,0.759,0.377,-104.860,-6.510,-43.470
-0.155,0.814,0.336,-102.410,-8.190,-46.200
-0.168,0.927,0.350,-107.380,-8.960,-46.410
-0.174,0.915,0.371,-110.810,-8.750,-45.360
-0.191,0.824,0.419,-109.130,-9.730,-44.800
-0.200,0.739,0.491,-98.280,-11.060,-44.800
-0.220,0.687,0.539,-86.590,-12.460,-44.730
-0.243,0.684,0.559,-74.690,-14.210,-43.820
-0.248,0.714,0.566,-64.750,-15.120,-41.510
-0.249,0.757,0.569,-54.810,-15.610,-36.890
-0.251,0.776,0.578,-48.370,-15.820,-32.410
-0.261,0.770,0.600,-41.580,-15.190,-28.280
-0.270,0.744,0.613,-33.250,-14.560,-25.060
-0.275,0.732,0.630,-21.560,-13.720,-20.860
-0.272,0.755,0.638,-13.300,-12.810,-17.850
-0.265,0.782,0.608,-6.370,-11.130,-14.140
-0.263,0.814,0.592,1.470,-9.380,-8.960
-0.259,0.811,0.580,6.930,-7.490,-4.830
-0.127,0.800,0.581,12.740,-5.040,-0.910
-0.243,0.789,0.577,19.530,-3.220,3.010
-0.240,0.787,0.576,26.740,-1.610,7.560
-0.239,0.797,0.562,35.980,-0.280,10.780
-0.236,0.808,0.545,42.140,0.980,14.070
-0.235,0.813,0.525,47.740,2.170,17.430
-0.236,0.813,0.519,53.340,2.590,20.300
-0.239,0.798,0.511,59.570,2.800,23.030
-0.238,0.780,0.504,68.320,2.590,24.360
-0.230,0.787,0.491,74.340,2.240,24.780
-0.218,0.807,0.475,79.660,1.540,24.920
-0.204,0.824,0.441,84.070,1.120,24.990
-0.201,0.832,0.421,87.780,0.560,24.780
-0.195,0.837,0.407,90.930,-0.070,24.570
-0.192,0.850,0.395,94.850,-0.630,23.590
-0.187,0.860,0.370,97.860,-1.540,22.400
-0.180,0.870,0.338,100.100,-2.660,21.210
-0.172,0.886,0.317,101.640,-3.570,19.880
-0.163,0.914,0.298,102.480,-4.200,19.390
-0.160,0.936,0.273,102.550,-4.900,18.970
-0.157,0.946,0.245,102.270,-5.670,18.480
-0.158,0.951,0.226,101.640,-6.300,17.850
-0.160,0.953,0.209,101.430,-7.140,17.220
-0.149,0.962,0.200,101.080,-7.700,16.870
-0.144,0.970,0.185,100.590,-8.750,16.170
-0.148,0.980,0.157,99.540,-9.310,15.680
-0.144,0.994,0.126,97.300,-9.660,15.120
-0.123,1.010,0.115,94.360,-8.610,15.120
-0.110,1.009,0.080,91.980,-8.960,14.490
-0.122,1.002,0.075,90.160,-8.750,13.650
-0.117,1.012,0.081,88.480,-7.840,13.930
-0.104,1.021,0.078,87.150,-6.930,14.700
-0.106,1.019,0.058,86.240,-7.350,14.840
-0.114,1.032,0.055,84.420,-7.420,14.910
-0.104,1.049,0.051,81.830,-6.860,15.190
-0.094,1.063,0.032,78.820,-5.880,15.260
-0.085,1.061,0.010,75.670,-6.020,14.980
-0.098,1.048,0.008,71.400,-5.670,14.350
-0.103,1.043,0.002,68.530,-5.390,14.000
-0.102,1.027,-0.007,66.500,-5.180,13.580
-0.098,1.021,-0.012,65.100,-5.110,12.530
-0.095,1.030,-0.017,63.280,-4.760,11.620
-0.088,1.047,-0.021,61.320,-4.410,11.200
-0.089,1.058,-0.040,59.080,-3.920,10.990
-0.090,1.056,-0.049,56.350,-3.640,10.500
-0.093,1.050,-0.054,53.620,-3.290,9.590
-0.088,1.040,-0.057,50.330,-3.010,8.890
-0.085,1.039,-0.060,48.440,-2.730,8.400
-0.087,1.041,-0.067,46.900,-2.100,8.050
-0.089,1.049,-0.071,45.220,-1.960,7.700
-0.083,1.055,-0.079,42.840,-1.680,7.350
-0.081,1.055,-0.089,40.740,-1.540,7.420
-0.080,1.059,-0.099,38.220,-1.190,7.770
-0.081,1.063,-0.097,35.700,-1.050,8.120
-0.080,1.071,-0.099,32.970,-0.980,8.330
-0.080,1.074,-0.107,30.730,-0.980,8.470
-0.085,1.075,-0.118,28.210,-0.910,8.680
-0.085,1.081,-0.125,25.200,-0.840,8.680
-0.080,1.083,-0.132,22.050,-0.700,8.820
-0.078,1.074,-0.134,18.970,-0.770,8.820
-0.081,1.065,-0.131,15.680,-0.840,8.610
-0.081,1.064,-0.133,13.720,-1.050,8.470
-0.072,1.067,-0.131,11.900,-1.400,8.400
-0.074,1.056,-0.137,10.080,-1.400,8.120
-0.076,1.040,-0.138,7.210,-1.610,7.770
-0.076,1.035,-0.133,5.180,-1.820,7.070
-0.068,1.035,-0.130,3.710,-2.310,6.440
-0.070,1.033,-0.127,2.940,-2.870,6.090
-0.076,1.024,-0.126,2.450,-3.290,5.880
-0.069,1.018,-0.123,1.610,-3.780,5.810
-0.063,1.023,-0.122,0.910,-4.270,5.740
-0.058,1.026,-0.119,0.000,-4.690,5.810
-0.059,1.022,-0.118,-0.910,-5.110,5.670
-0.060,1.018,-0.114,-2.170,-5.460,5.530
-0.066,1.020,-0.111,-2.800,-6.020,5.460
-0.067,1.020,-0.104,-3.710,-6.650,5.250
-0.071,1.017,-0.105,-4.130,-7.070,4.900
-0.071,1.007,-0.104,-4.340,-7.280,4.900
-0.065,1.001,-0.106,-4.130,-7.280,4.900
-0.052,0.992,-0.106,-3.360,-6.930,4.620
-0.044,0.987,-0.109,-2.800,-6.580,4.060
-0.029,1.276,-0.224,-57.330,7.490,-8.820
-0.037,1.308,-0.254,-72.240,7.280,-10.220
-0.047,1.305,-0.288,-88.060,7.000,-11.830
-0.050,1.269,-0.312,-108.990,6.930,-13.650
-0.046,1.234,-0.309,-123.130,6.230,-15.680
-0.048,1.199,-0.281,-134.750,5.390,-18.060
-0.056,1.157,-0.249,-145.460,3.640,-21.140
-0.068,1.102,-0.223,-151.130,1.470,-23.310
-0.077,1.068,-0.203,-155.400,-1.890,-25.410
-0.085,1.046,-0.159,-159.110,-4.410,-26.320
-0.076,1.038,-0.121,-162.820,-7.070,-27.300
-0.081,1.025,-0.089,-164.570,-10.290,-27.930
-0.094,1.001,-0.061,-165.620,-12.670,-28.420
-0.098,0.968,-0.042,-166.460,-14.630,-28.210
-0.098,0.945,-0.014,-166.250,-16.170,-27.370
-0.096,0.919,0.036,-164.500,-17.500,-26.600
-0.092,0.888,0.087,-160.370,-18.270,-26.110
-0.096,0.855,0.107,-154.770,-20.090,-26.110
-0.083,0.849,0.200,-147.770,-15.120,-25.410
-0.031,0.855,0.226,-142.240,-14.630,-26.110
-0.047,0.867,0.260,-134.190,-13.230,-29.260
-0.076,0.876,0.287,-130.410,-11.620,-30.240
-0.083,0.872,0.313,-128.660,-8.750,-30.240
-0.094,0.847,0.335,-127.260,-7.070,-30.240
-0.102,0.804,0.371,-123.340,-5.810,-30.170
-0.123,0.762,0.413,-118.230,-5.180,-29.750
-0.155,0.714,0.481,-110.600,-4.340,-28.840
-0.175,0.673,0.534,-101.150,-4.200,-28.000
-0.188,0.632,0.581,-85.890,-4.270,-27.440
-0.197,0.624,0.625,-73.850,-4.340,-27.090
-0.207,0.634,0.663,-62.720,-4.200,-26.460
-0.214,0.648,0.681,-52.570,-3.780,-24.570
-0.226,0.663,0.700,-40.180,-3.220,-22.540
-0.237,0.680,0.723,-31.220,-2.800,-19.810
-0.252,0.688,0.726,-22.190,-2.240,-17.220
-0.258,0.702,0.720,-10.080,-1.680,-13.090
-0.255,0.725,0.722,-1.750,-0.980,-9.380
-0.253,0.741,0.701,6.090,0.350,-5.600
-0.252,0.759,0.683,13.090,1.400,-1.610
-0.251,0.776,0.673,19.390,2.380,2.380
-0.254,0.791,0.655,27.090,3.290,7.560
-0.256,0.792,0.637,32.620,3.780,10.920
-0.255,0.787,0.622,38.570,4.270,14.140
-0.252,0.772,0.607,44.870,4.970,16.870
-0.243,0.755,0.586,52.010,5.180,18.970
-0.239,0.748,0.578,59.500,5.320,20.720
-0.231,0.750,0.569,67.200,5.530,22.400
-0.220,0.777,0.559,76.370,5.600,24.010
-0.208,0.805,0.539,81.760,5.530,24.990
-0.201,0.831,0.514,85.470,5.460,26.250
-0.190,0.851,0.489,87.710,5.390,27.510
-0.174,0.859,0.462,89.670,5.250,28.420
-0.163,0.859,0.439,91.350,5.320,29.120
-0.154,0.857,0.420,93.170,5.390,29.190
-0.145,0.858,0.401,96.180,5.180,28.700
-0.138,0.861,0.381,97.860,5.180,27.440
-0.137,0.871,0.353,98.910,5.390,26.460
-0.124,0.890,0.325,99.120,5.460,25.340
-0.113,0.915,0.307,98.770,5.810,25.060
-0.106,0.939,0.291,97.650,6.160,25.130
-0.103,0.954,0.276,96.880,6.300,24.990
-0.108,0.966,0.263,95.900,6.230,24.150
-0.107,0.970,0.242,94.710,5.670,22.960
-0.104,0.976,0.232,93.590,5.600,22.190
-0.113,0.981,0.203,91.910,4.550,21.210
-0.112,0.980,0.180,90.440,3.990,20.230
-0.104,0.980,0.163,89.320,3.640,19.670
-0.098,0.982,0.154,88.690,3.290,19.180
-0.096,0.998,0.143,87.850,2.730,18.760
-0.089,1.002,0.144,87.850,2.800,18.550
-0.097,1.002,0.111,86.800,1.120,17.640
-0.101,1.015,0.106,85.190,0.700,17.850
-0.091,1.030,0.091,82.740,0.630,18.760
-0.087,1.034,0.073,80.290,0.000,19.110
-0.085,1.037,0.063,77.700,-0.630,18.760
-0.080,1.042,0.055,75.460,-0.560,18.970
-0.067,1.045,0.041,73.220,-0.350,18.970
-0.057,1.039,0.026,70.910,-0.140,18.480
-0.051,1.037,0.020,68.810,0.000,17.710
-0.053,1.027,0.008,66.920,0.000,16.660
-0.056,1.017,-0.003,65.240,0.280,15.610
-0.056,1.011,0.000,63.560,0.350,14.140
-0.054,1.027,-0.002,62.370,0.630,12.880
-0.049,1.037,-0.015,60.760,0.910,11.550
-0.044,1.051,-0.044,57.960,1.470,10.780
-0.039,1.066,-0.055,54.390,1.750,10.360
-0.035,1.082,-0.054,50.610,2.100,10.010
-0.040,1.078,-0.063,46.620,2.380,9.240
-0.049,1.066,-0.073,44.170,2.520,8.890
-0.051,1.057,-0.080,41.720,2.240,8.470
-0.049,1.056,-0.080,39.270,2.170,8.260
-0.053,1.055,-0.087,37.030,1.680,7.700
-0.052,1.054,-0.092,34.580,1.260,7.000
-0.050,1.044,-0.097,32.620,1.050,6.300
-0.050,1.042,-0.102,31.080,0.280,5.670
-0.048,1.039,-0.105,29.400,-0.140,5.110
-0.044,1.042,-0.105,27.580,-0.630,4.550
-0.041,1.053,-0.105,25.060,-0.980,4.550
-0.041,1.060,-0.104,22.890,-1.540,4.200
-0.044,1.059,-0.114,20.860,-2.170,3.990
-0.043,1.062,-0.116,18.410,-2.590,3.710
-0.038,1.057,-0.122,16.030,-3.010,3.290
-0.041,1.049,-0.121,13.300,-3.220,2.520
-0.042,1.043,-0.121,11.830,-3.570,1.750
-0.043,1.041,-0.128,10.780,-3.710,0.910
-0.037,1.043,-0.128,9.450,-3.780,0.210
-0.035,1.044,-0.133,8.120,-3.640,0.070
-0.035,1.049,-0.132,5.880,-3.500,-0.140
-0.035,1.049,-0.131,4.480,-3.150,0.350
-0.035,1.047,-0.128,2.940,-3.150,0.210
-0.038,1.038,-0.121,1.890,-3.080,0.280
-0.039,1.030,-0.117,0.980,-3.080,0.630
-0.035,1.033,-0.113,0.280,-3.290,0.630
-0.039,1.027,-0.109,-0.490,-3.570,0.490
-0.043,1.016,-0.104,-0.910,-3.780,0.280
-0.038,1.010,-0.101,-1.330,-3.920,-0.140
-0.037,1.007,-0.098,-1.750,-3.990,-0.350
-0.036,1.006,-0.091,-1.750,-4.130,-0.560
-0.035,1.007,-0.089,-1.750,-4.340,-0.980
-0.034,1.263,-0.226,-64.330,0.630,-14.280
-0.046,1.277,-0.241,-77.420,-0.630,-15.330
-0.056,1.276,-0.253,-90.860,-2.030,-16.450
-0.055,1.271,-0.253,-108.710,-3.640,-18.620
-0.062,1.268,-0.256,-122.220,-5.670,-20.440
-0.079,1.248,-0.258,-134.820,-9.030,-22.610
-0.091,1.214,-0.253,-146.160,-11.550,-24.430
-0.088,1.169,-0.230,-159.320,-14.140,-26.110
-0.075,1.144,-0.195,-166.810,-16.800,-27.370
-0.080,1.103,-0.159,-172.270,-18.970,-28.980
-0.090,1.056,-0.129,-176.400,-21.070,-30.450
-0.099,1.012,-0.094,-180.460,-22.890,-30.660
-0.099,0.979,-0.047,-181.440,-24.920,-30.310
-0.102,0.932,-0.000,-180.180,-26.040,-29.470
-0.100,0.854,0.056,-174.090,-26.670,-28.840
-0.097,0.813,0.122,-168.000,-28.910,-28.840
-0.116,0.807,0.236,-160.720,-24.360,-28.140
-0.049,0.826,0.260,-149.730,-23.310,-29.330
-0.070,0.823,0.279,-141.750,-22.330,-32.270
-0.102,0.834,0.288,-136.850,-19.250,-33.880
-0.090,0.847,0.313,-135.730,-15.610,-33.390
-0.083,0.833,0.338,-135.730,-11.970,-32.550
-0.095,0.774,0.374,-133.560,-9.030,-31.920
-0.120,0.711,0.432,-127.960,-6.300,-31.150
-0.152,0.651,0.525,-119.210,-4.760,-29.470
-0.174,0.602,0.602,-107.170,-3.570,-27.930
-0.193,0.556,0.661,-87.570,-3.150,-27.440
-0.210,0.550,0.705,-72.520,-2.940,-26.880
-0.232,0.556,0.738,-58.450,-2.590,-25.970
-0.236,0.578,0.742,-46.060,-1.540,-23.100
-0.228,0.634,0.758,-32.130,-0.490,-20.160
-0.241,0.672,0.769,-23.100,0.770,-16.590
-0.266,0.700,0.769,-14.770,1.540,-12.740
-0.277,0.712,0.766,-6.720,2.240,-8.960
-0.280,0.716,0.761,3.920,2.940,-4.200
-0.270,0.721,0.751,12.040,3.640,-1.050
-0.263,0.729,0.732,19.460,4.480,2.520
-0.261,0.750,0.702,26.040,5.530,6.370
-0.263,0.761,0.676,32.130,5.950,10.080
-0.260,0.769,0.659,38.150,6.650,13.580
-0.256,0.765,0.633,44.030,6.930,16.520
-0.248,0.758,0.616,52.430,7.490,19.950
-0.238,0.756,0.596,58.730,7.770,22.260
-0.225,0.761,0.582,65.030,8.190,23.800
-0.211,0.773,0.555,71.120,8.960,25.270
-0.192,0.792,0.534,76.370,9.730,26.670
-0.178,0.809,0.513,80.500,10.150,27.650
-0.171,0.828,0.496,83.720,10.640,28.560
-0.158,0.848,0.479,86.940,11.200,29.330
-0.149,0.854,0.455,89.040,11.550,29.610
-0.140,0.858,0.435,90.720,11.830,29.750
-0.139,0.864,0.422,92.120,11.900,29.890
-0.136,0.874,0.404,93.310,11.830,30.100
-0.137,0.882,0.391,94.430,11.200,29.470
-0.139,0.883,0.370,95.970,10.710,28.350
-0.135,0.884,0.349,96.740,10.010,27.440
-0.131,0.891,0.331,97.160,9.100,26.320
-0.129,0.900,0.321,97.370,8.260,24.850
-0.130,0.910,0.295,97.580,7.490,23.100
-0.128,0.924,0.283,97.510,6.510,21.910
-0.123,0.943,0.266,97.090,5.530,20.440
-0.121,0.958,0.243,96.180,4.690,18.900
-0.119,0.961,0.226,95.340,4.130,18.200
-0.123,0.969,0.202,93.660,2.240,17.150
-0.121,0.987,0.202,92.120,1.610,17.010
-0.114,1.005,0.173,90.160,0.490,16.030
-0.099,1.003,0.159,89.320,0.350,16.240
-0.114,1.004,0.127,87.360,-2.170,15.190
-0.121,1.017,0.132,85.050,-2.520,15.750
-0.112,1.028,0.115,82.670,-2.800,16.450
-0.105,1.017,0.098,81.060,-3.150,16.450
-0.104,1.018,0.079,79.240,-4.690,15.750
-0.094,1.038,0.075,76.860,-4.410,16.100
-0.081,1.067,0.057,73.780,-4.410,16.590
-0.072,1.075,0.038,69.370,-4.340,16.590
-0.077,1.064,0.027,66.290,-4.200,16.450
-0.078,1.046,0.022,63.980,-4.340,15.820
-0.077,1.025,0.019,62.020,-4.200,15.120
-0.075,1.018,0.017,60.480,-4.410,14.140
-0.070,1.023,0.016,59.500,-4.550,13.370
-0.066,1.038,0.002,57.960,-4.550,12.950
-0.070,1.044,-0.007,56.560,-4.550,12.460
-0.071,1.051,-0.021,54.530,-4.620,12.390
-0.064,1.058,-0.032,52.220,-4.690,12.460
-0.065,1.057,-0.033,49.350,-4.690,12.180
-0.067,1.039,-0.047,47.600,-4.760,11.620
-0.065,1.036,-0.052,45.920,-5.110,11.340
-0.061,1.040,-0.059,44.660,-5.320,10.990
-0.059,1.042,-0.066,43.400,-5.460,10.570
-0.059,1.049,-0.069,41.930,-5.530,10.220
-0.058,1.045,-0.074,40.320,-5.600,9.310
-0.054,1.052,-0.089,37.940,-5.950,8.540
-0.053,1.068,-0.103,34.930,-5.740,8.190
-0.053,1.082,-0.114,30.100,-5.670,8.260
-0.054,1.092,-0.117,26.460,-5.390,8.400
-0.055,1.083,-0.118,23.380,-5.250,8.120
-0.052,1.067,-0.121,20.790,-5.110,7.560
-0.050,1.054,-0.118,18.550,-5.250,6.720
-0.043,1.063,-0.116,15.540,-5.180,6.230
-0.046,1.064,-0.118,13.230,-5.040,5.810
-0.049,1.060,-0.118,11.200,-5.040,5.460
-0.052,1.047,-0.112,9.170,-5.180,4.550
-0.052,1.038,-0.103,6.790,-5.320,2.940
-0.056,1.026,-0.101,5.110,-5.670,1.680
-0.052,1.028,-0.102,3.920,-5.810,0.910
-0.049,1.036,-0.101,2.590,-6.090,0.350
-0.047,1.041,-0.095,1.470,-6.160,0.350
-0.046,1.040,-0.091,0.420,-6.160,0.350
-0.047,1.021,-0.089,0.000,-6.090,-0.070
-0.046,1.009,-0.085,-0.630,-6.510,-0.560
-0.041,1.008,-0.082,-0.420,-6.300,-0.840
-0.040,1.009,-0.079,-0.140,-6.440,-1.120
-0.041,1.007,-0.076,0.210,-6.440,-1.330
-0.046,1.006,-0.077,0.140,-6.300,-1.400
-0.044,1.008,-0.076,0.140,-6.090,-1.260
-0.041,1.006,-0.077,0.070,-5.950,-1.400
-0.044,1.003,-0.073,0.560,-5.670,-1.680
-0.041,1.003,-0.070,0.840,-5.530,-1.820
-0.042,1.005,-0.071,1.470,-5.180,-2.030
-0.026,1.243,-0.239,-73.920,2.030,-14.350
-0.032,1.249,-0.248,-90.230,1.260,-16.590
-0.032,1.253,-0.254,-102.690,-0.070,-18.550
-0.039,1.244,-0.255,-115.360,-1.190,-20.440
-0.041,1.224,-0.249,-131.670,-2.380,-23.100
-0.048,1.202,-0.240,-143.010,-4.620,-25.340
-0.068,1.171,-0.221,-152.810,-6.300,-27.020
-0.073,1.137,-0.188,-163.310,-8.400,-28.700
-0.081,1.083,-0.147,-168.630,-10.710,-29.890
-0.098,1.034,-0.095,-171.850,-14.140,-31.010
-0.121,0.986,-0.056,-172.970,-16.730,-32.690
-0.125,0.935,-0.026,-172.060,-18.900,-33.670
-0.111,0.911,0.022,-170.240,-20.930,-33.670
-0.097,0.892,0.069,-167.300,-21.770,-33.040
-0.107,0.874,0.097,-164.150,-24.150,-32.200
-0.114,0.848,0.197,-157.570,-20.090,-31.080
-0.063,0.831,0.233,-151.270,-18.760,-31.220
-0.077,0.806,0.289,-142.870,-17.780,-33.740
-0.112,0.817,0.310,-135.800,-15.890,-36.260
-0.114,0.831,0.313,-130.760,-12.740,-36.400
-0.101,0.840,0.333,-129.360,-9.170,-35.000
-0.102,0.831,0.386,-127.820,-4.690,-32.970
-0.126,0.793,0.431,-123.900,-1.610,-29.050
-0.161,0.703,0.490,-113.960,0.420,-26.110
-0.183,0.639,0.561,-102.130,2.170,-23.730
-0.195,0.595,0.644,-87.570,3.920,-21.980
-0.205,0.581,0.681,-72.100,4.830,-20.300
-0.218,0.601,0.700,-39.970,6.020,-17.710
-0.231,0.640,0.702,-42.210,7.630,-15.330
-0.239,0.667,0.705,-32.410,9.450,-12.460
-0.250,0.686,0.715,-23.940,10.710,-9.520
-0.261,0.693,0.720,-15.190,12.180,-6.720
-0.263,0.698,0.722,-3.080,13.230,-2.870
-0.263,0.711,0.720,6.020,14.140,0.280
-0.266,0.727,0.703,15.120,15.190,3.500
-0.271,0.744,0.681,22.820,15.680,6.860
-0.275,0.759,0.658,29.820,16.030,10.010
-0.271,0.766,0.636,38.710,16.590,14.070
-0.262,0.762,0.613,45.360,16.940,17.080
-0.255,0.758,0.601,52.710,17.430,19.460
-0.242,0.762,0.582,60.060,18.130,21.770
-0.232,0.773,0.565,67.060,18.690,23.730
-0.222,0.795,0.547,72.800,18.760,25.760
-0.212,0.820,0.521,78.400,18.690,27.860
-0.199,0.833,0.499,81.690,18.620,29.260
-0.190,0.836,0.477,84.560,18.480,30.170
-0.177,0.836,0.456,87.290,17.990,30.940
-0.169,0.839,0.442,90.020,17.570,31.220
-0.162,0.848,0.422,92.820,17.080,31.290
-0.151,0.856,0.400,95.200,16.310,31.080
-0.142,0.871,0.383,97.510,15.680,31.080
-0.134,0.877,0.361,98.910,14.980,30.660
-0.127,0.883,0.346,99.960,14.070,30.170
-0.122,0.889,0.320,101.150,13.160,29.540
-0.115,0.891,0.304,102.130,12.110,28.490
-0.116,0.905,0.291,103.040,10.920,27.440
-0.114,0.928,0.270,103.460,9.520,26.320
-0.116,0.956,0.250,103.320,8.260,25.410
-0.112,0.968,0.238,102.690,6.930,24.360
-0.123,0.975,0.208,101.220,4.690,23.590
-0.124,0.984,0.191,99.680,3.010,21.980
-0.114,0.990,0.171,97.440,2.870,20.020
-0.086,0.992,0.149,96.250,2.380,17.920
-0.108,0.986,0.108,94.290,-0.280,16.240
-0.130,1.008,0.110,92.610,-0.700,16.100
-0.120,1.033,0.095,89.670,-1.190,16.660
-0.113,1.036,0.069,87.500,-2.310,16.940
-0.118,1.032,0.051,85.190,-4.340,16.450
-0.117,1.034,0.055,83.510,-4.410,16.660
-0.105,1.038,0.036,81.620,-5.460,15.750
-0.098,1.038,0.029,79.800,-6.790,14.910
-0.097,1.052,0.020,77.490,-7.490,14.210
-0.090,1.071,0.000,73.290,-7.910,14.700
-0.091,1.083,-0.017,69.300,-8.190,14.910
-0.088,1.096,-0.028,64.960,-8.190,14.910
-0.078,1.104,-0.041,60.480,-7.840,14.490
-0.067,1.118,-0.053,53.830,-7.210,14.560
-0.061,1.124,-0.065,48.650,-6.580,14.420
-0.059,1.124,-0.077,43.260,-5.390,14.280
-0.056,1.118,-0.086,37.940,-4.620,13.580
-0.054,1.114,-0.087,31.500,-3.920,12.810
-0.051,1.104,-0.092,27.720,-3.290,12.110
-0.057,1.096,-0.094,24.080,-2.730,11.410
-0.057,1.085,-0.095,21.070,-2.240,10.710
-0.055,1.075,-0.092,18.060,-1.960,10.290
-0.054,1.066,-0.091,14.840,-2.030,9.940
-0.054,1.057,-0.091,12.810,-1.960,9.380
-0.057,1.043,-0.089,11.340,-2.240,8.820
-0.061,1.031,-0.088,10.150,-2.660,8.190
-0.058,1.027,-0.087,8.680,-2.870,7.490
-0.054,1.027,-0.087,7.770,-2.940,7.210
-0.052,1.031,-0.085,6.790,-3.080,6.930
-0.049,1.030,-0.080,5.810,-3.430,6.790
-0.047,1.026,-0.084,5.110,-3.430,6.510
-0.049,1.019,-0.081,4.060,-3.360,5.810
-0.052,1.012,-0.079,3.570,-3.500,5.110
-0.054,1.006,-0.078,3.010,-3.290,4.130
-0.053,1.000,-0.077,2.520,-3.220,3.220
-0.054,1.001,-0.070,2.170,-3.220,1.610
-0.052,1.001,-0.069,1.680,-3.500,0.560
-0.052,1.001,-0.065,1.540,-3.710,-0.420
-0.043,1.007,-0.066,1.540,-3.850,-1.260
-0.041,1.024,-0.066,1.400,-3.780,-1.750
-0.039,1.033,-0.069,1.050,-3.500,-1.400
-0.038,1.032,-0.071,0.210,-3.150,-0.910
-0.033,1.028,-0.066,-0.280,-2.730,-0.560
-0.032,1.021,-0.063,-0.560,-2.520,-0.560
-0.035,1.018,-0.054,-0.420,-2.380,-0.420
-0.039,1.018,-0.051,-0.210,-2.450,-0.070
-0.042,1.024,-0.051,-0.140,-2.240,0.490
-0.044,1.020,-0.054,-0.210,-2.310,0.700
-0.047,1.015,-0.051,-0.140,-2.310,0.700
-0.051,1.007,-0.046,-0.140,-2.380,0.490
-0.054,1.007,-0.042,0.210,-2.520,0.070
-0.057,1.002,-0.042,0.910,-2.730,-0.420
-0.058,1.004,-0.041,1.050,-2.870,-0.630
-0.057,1.005,-0.043,1.400,-3.080,-1.190
-0.057,1.007,-0.041,1.260,-3.080,-1.400
-0.050,1.011,-0.044,1.120,-3.360,-1.610
0.294,1.549,-0.792,-29.400,91.490,44.450
0.305,1.678,-1.008,-38.850,141.400,64.820
0.231,1.616,-1.179,-59.080,184.240,79.730
0.158,1.616,-1.126,-105.700,224.000,97.230
0.048,1.484,-1.104,-135.380,265.720,105.980
-0.059,1.323,-0.993,-170.730,319.620,109.620
-0.207,1.069,-0.858,-206.430,347.970,106.540
-0.354,0.837,-0.508,-238.210,368.690,96.110
-0.461,0.460,-0.134,-260.050,375.060,85.120
-0.468,0.328,0.036,-252.630,376.950,76.090
-0.422,0.256,0.096,-229.740,379.260,70.280
-0.451,0.362,0.004,-169.400,385.490,69.930
-0.363,0.484,-0.268,-109.340,404.600,79.240
-0.362,0.442,-0.166,-54.180,416.220,83.020
-0.336,0.329,0.273,-10.500,407.610,82.810
-0.341,0.102,0.591,7.350,391.720,78.050
-0.362,-0.040,1.177,7.700,345.800,49.560
-0.313,0.080,1.329,0.560,303.380,33.180
-0.262,0.322,1.372,1.050,266.490,25.690
-0.163,0.745,1.314,20.790,231.980,37.870
-0.110,1.141,1.455,42.700,201.810,56.560
-0.076,1.160,1.416,65.520,173.600,87.850
-0.054,1.179,1.375,81.830,150.850,79.660
-0.010,1.022,1.205,77.280,132.090,72.940
-0.011,0.804,0.817,65.170,131.880,59.850
-0.116,0.698,0.878,56.210,121.310,45.570
-0.005,0.717,1.025,51.380,100.520,34.370
0.015,0.741,1.048,48.370,81.200,27.300
0.038,0.856,1.024,39.130,65.590,18.130
0.038,0.971,1.079,31.850,45.920,17.430
0.045,1.068,1.031,34.300,30.170,20.580
0.034,1.235,0.886,41.020,18.060,31.010
0.036,1.342,0.729,50.190,10.150,45.850
0.054,1.398,0.661,54.460,2.310,61.320
0.083,1.373,0.684,56.420,-3.710,74.200
0.098,1.347,0.693,57.540,-11.760,85.120
0.113,1.236,0.674,60.480,-19.600,91.350
0.117,1.102,0.631,59.010,-26.320,91.280
0.113,0.897,0.562,47.110,-30.170,80.990
0.115,0.628,0.515,34.580,-29.330,61.390
0.123,0.460,0.614,25.690,-33.180,36.540
0.133,0.418,0.648,17.640,-37.800,12.110
0.140,0.448,0.677,8.540,-42.980,-18.620
0.144,0.463,0.695,1.750,-47.530,-39.690
0.136,0.533,0.782,6.510,-57.330,-56.420
0.000,0.587,0.834,17.360,-77.700,-70.280
0.094,0.574,0.826,30.030,-91.000,-85.190
0.081,0.621,0.826,45.080,-105.490,-95.970
0.054,0.728,0.774,54.110,-119.980,-105.350
0.017,0.860,0.713,51.310,-131.180,-106.190
0.011,0.902,0.701,46.970,-160.230,-106.610
-0.021,0.849,0.683,43.960,-157.570,-110.180
-0.057,0.886,0.648,41.300,-167.860,-110.880
-0.073,1.006,0.546,26.530,-176.960,-108.430
-0.096,1.050,0.391,-5.040,-179.830,-108.150
-0.071,1.006,0.228,-37.870,-171.010,-112.560
-0.048,1.040,0.289,-55.720,-167.930,-113.610
-0.051,1.164,0.319,-56.070,-169.960,-105.350
-0.075,1.140,0.299,-40.390,-173.110,-98.280
-0.067,1.068,0.273,-9.240,-175.980,-91.980
-0.067,0.997,0.243,30.240,-178.360,-84.420
-0.073,0.938,0.201,69.440,-177.660,-80.430
-0.070,0.945,0.240,82.950,-178.990,-75.530
-0.071,0.900,0.346,80.290,-184.870,-75.530
-0.086,0.938,0.393,63.560,-189.280,-73.990
-0.086,1.023,0.522,36.330,-198.310,-66.780
-0.091,1.142,0.505,17.500,-206.150,-58.240
-0.114,1.173,0.344,-1.680,-208.530,-50.330
-0.094,1.149,0.161,-11.130,-202.790,-45.290
-0.090,1.063,-0.062,-7.560,-188.440,-40.180
-0.085,1.071,-0.167,-3.010,-170.730,-34.300
-0.041,1.035,-0.171,10.080,-159.250,-30.380
-0.018,0.974,-0.204,34.790,-148.050,-26.740
0.004,0.952,-0.183,48.510,-135.520,-24.430
0.013,0.962,0.006,52.360,-127.610,-22.610
0.042,0.967,0.155,47.460,-127.400,-22.120
0.000,0.984,0.272,36.540,-131.880,-19.040
0.002,1.089,0.374,19.460,-137.410,-12.810
-0.003,1.144,0.398,9.870,-144.270,-3.990
-0.016,1.140,0.346,4.620,-149.310,3.850
-0.008,1.099,0.231,1.610,-146.300,9.170
-0.006,1.085,0.189,-1.260,-141.680,14.980
0.010,1.035,0.145,-0.070,-135.380,14.280
0.046,0.967,-0.010,5.600,-121.030,10.920
0.050,0.931,-0.110,9.310,-109.410,6.300
0.056,0.871,-0.163,17.500,-97.370,-0.420
0.086,0.926,-0.153,23.660,-87.290,-2.030
0.091,1.060,-0.065,24.500,-81.130,0.350
0.081,1.089,0.059,26.320,-82.250,3.360
0.129,1.028,0.006,27.160,-75.390,3.920
0.125,0.982,-0.002,24.570,-68.810,1.960
0.133,0.978,-0.014,19.740,-61.180,1.330
0.137,0.991,-0.058,11.690,-48.230,1.680
0.137,0.945,-0.069,1.470,-36.540,-0.070
0.132,0.972,0.025,-5.530,-31.780,0.630
0.123,0.971,0.096,-6.790,-28.140,1.610
0.132,0.962,0.159,-1.820,-26.250,1.610
0.129,0.945,0.205,6.860,-26.320,0.700
0.130,0.982,0.203,13.440,-26.110,1.400
0.130,0.985,0.171,15.400,-24.850,0.490
0.130,0.969,0.126,14.700,-22.050,-1.330
0.117,0.935,0.117,13.370,-19.040,-5.740
0.106,0.995,0.200,13.440,-20.300,-5.740
0.108,1.041,0.218,13.790,-23.520,-4.550
0.117,1.033,0.184,14.070,-23.310,-4.270
0.125,1.043,0.136,11.410,-21.420,-3.500
0.129,1.025,0.098,6.650,-17.920,-3.290
0.126,1.012,0.118,4.900,-15.400,-2.940
0.119,1.042,0.180,4.200,-15.610,-1.400
0.114,1.066,0.186,3.850,-16.030,1.400
0.118,1.075,0.183,3.010,-16.170,3.710
0.118,1.051,0.188,2.590,-15.890,4.410
0.118,1.034,0.193,2.380,-16.100,4.340
0.124,1.035,0.180,2.660,-15.960,4.550
0.122,1.030,0.231,4.410,-17.290,4.480
0.130,1.055,0.230,7.000,-19.110,5.040
0.128,1.045,0.218,10.010,-20.300,5.810
0.128,1.075,0.221,10.150,-21.280,7.350
0.130,1.056,0.232,9.590,-22.960,7.630
0.230,1.431,-1.159,12.530,125.860,31.220
0.219,1.667,-1.401,8.820,179.480,51.310
0.162,1.749,-1.566,-0.770,257.390,73.290
0.019,1.796,-1.595,-17.290,317.520,93.240
-0.146,1.686,-1.598,-39.550,377.300,108.780
-0.363,1.653,-1.449,-74.480,431.130,128.240
-0.592,1.573,-1.172,-97.440,492.450,142.800
-0.826,1.465,-0.544,-119.420,500.080,156.590
-0.905,1.399,-0.038,-130.410,496.650,180.740
-0.892,1.057,0.224,-140.490,484.540,185.430
-0.883,0.718,0.390,-136.920,475.020,182.910
-0.776,0.469,0.727,-127.610,444.220,175.420
-0.683,0.292,0.957,-118.650,411.810,164.430
-0.587,0.066,1.098,-89.740,376.390,140.840
-0.467,0.098,0.991,-81.970,349.230,130.060
-0.399,0.133,1.082,-67.900,314.860,122.080
-0.324,0.217,1.193,-47.810,264.390,112.910
-0.144,0.161,1.206,-22.820,241.570,94.150
-0.014,0.122,1.342,-12.320,212.940,67.200
0.016,0.484,1.246,-3.080,190.890,46.060
0.100,0.501,1.284,1.750,168.420,30.520
0.090,0.594,1.326,-0.700,141.750,19.390
0.074,0.718,1.280,-9.240,120.750,11.550
0.097,0.712,1.269,-15.120,90.580,3.570
0.086,0.870,1.327,-14.840,67.200,4.130
0.096,1.012,1.052,-18.550,52.570,8.330
0.095,0.972,0.872,-16.030,47.320,10.850
0.094,0.980,0.956,-11.690,34.020,14.490
0.092,0.890,1.029,-10.080,16.940,14.350
0.105,0.816,1.021,-10.430,-3.150,12.600
0.102,0.810,1.030,-12.250,-19.460,11.480
0.113,0.773,1.008,-11.130,-35.070,8.890
0.117,0.794,0.852,-6.090,-45.780,7.770
0.126,0.815,0.677,-0.980,-50.190,6.720
0.142,0.721,0.591,6.300,-53.200,-0.490
0.152,0.656,0.630,12.670,-57.890,-8.750
0.151,0.593,0.671,13.370,-63.630,-20.300
0.137,0.494,0.748,14.840,-70.700,-39.970
0.131,0.522,0.835,20.230,-81.130,-52.080
0.112,0.569,0.878,30.730,-93.450,-62.300
0.076,0.602,0.893,45.080,-109.970,-70.770
0.057,0.636,0.932,63.000,-124.950,-77.420
0.038,0.855,0.900,79.310,-139.090,-79.660
0.022,0.836,0.815,83.230,-151.690,-78.190
0.014,0.873,0.833,85.750,-162.610,-75.600
-0.006,0.822,0.851,88.130,-175.700,-76.650
-0.053,0.692,0.870,96.810,-192.010,-79.870
-0.060,0.661,0.833,101.570,-208.250,-84.910
-0.102,0.656,0.859,102.900,-234.850,-90.930
-0.120,0.662,0.719,102.760,-248.010,-97.580
-0.165,0.729,0.636,93.030,-261.170,-105.490
-0.199,0.640,0.404,92.120,-264.810,-115.640
-0.211,0.708,0.224,89.040,-265.860,-120.960
-0.220,0.833,0.171,83.370,-266.420,-120.960
-0.198,1.007,0.173,70.910,-266.210,-114.100
-0.177,1.067,0.070,61.880,-261.870,-107.100
-0.139,1.222,-0.074,47.320,-248.780,-93.660
-0.120,1.242,-0.087,32.620,-238.770,-78.820
-0.056,1.134,-0.119,35.350,-229.390,-71.610
-0.033,1.112,-0.198,40.110,-211.190,-64.750
-0.017,1.076,-0.144,49.210,-200.480,-58.940
-0.009,1.034,-0.148,60.900,-191.030,-53.410
0.001,1.074,-0.192,61.040,-178.990,-47.180
0.022,1.182,-0.237,51.800,-161.210,-38.570
0.055,1.250,-0.203,19.040,-147.560,-26.250
0.060,1.204,-0.102,23.380,-139.020,-19.670
0.043,1.214,-0.075,17.990,-132.300,-11.970
0.058,1.225,-0.079,13.510,-121.450,-4.760
0.062,1.266,-0.058,7.700,-114.800,6.580
0.066,1.180,-0.069,4.410,-106.890,10.920
0.073,1.148,-0.099,3.640,-97.650,13.790
0.079,1.091,-0.102,1.470,-84.700,15.120
0.084,1.056,-0.022,-0.210,-78.610,15.470
0.081,1.008,0.073,0.490,-76.930,14.630
0.093,1.045,0.106,1.050,-76.440,16.170
0.096,1.016,0.114,0.980,-76.230,15.750
0.108,0.938,0.094,2.240,-74.690,13.090
0.109,0.887,0.120,4.620,-74.970,9.030
0.123,0.868,0.073,7.560,-73.010,5.460
0.126,0.876,0.055,8.190,-71.400,2.100
0.140,0.843,-0.018,7.980,-65.870,-2.940
0.147,0.930,-0.037,4.970,-60.550,-3.430
0.152,0.991,-0.033,-1.610,-54.390,-2.240
0.146,1.057,-0.016,-7.840,-51.310,1.750
0.163,1.080,-0.006,-11.340,-47.880,7.420
0.166,1.054,-0.005,-12.180,-45.080,9.170
0.163,1.000,-0.023,-12.670,-40.600,8.960
0.158,0.977,0.023,-13.230,-35.490,7.490
0.154,0.973,0.047,-13.720,-33.530,5.740
0.161,0.974,0.036,-11.900,-31.010,3.780
0.151,0.971,0.054,-10.010,-29.470,2.730
0.137,0.932,0.098,-4.480,-29.750,-0.280
0.159,0.914,0.062,1.750,-26.880,-3.430
0.163,0.944,0.080,4.550,-25.410,-5.530
0.164,0.989,0.108,1.750,-24.080,-6.860
0.177,0.995,0.136,0.350,-23.520,-7.350
0.155,1.035,0.143,-1.890,-25.410,-5.110
0.158,1.055,0.148,-3.150,-26.390,-2.660
0.160,1.028,0.134,-1.120,-26.810,-1.190
0.160,1.013,0.083,-0.770,-25.480,-1.050
0.159,1.054,0.044,-3.360,-22.120,0.840
0.162,1.077,0.046,-6.160,-19.460,2.730
0.160,1.097,0.073,-7.770,-17.780,5.180
0.166,1.052,0.091,-6.510,-15.750,4.900
0.158,1.021,0.146,-4.760,-16.730,3.920
0.165,0.966,0.121,-2.590,-16.240,0.770
0.179,0.980,0.086,-1.540,-14.490,-0.770
0.181,1.008,0.055,-1.680,-11.270,-1.050
0.184,1.001,0.081,-1.960,-9.380,-1.680
0.170,0.999,0.111,-1.680,-8.680,-1.820
0.168,1.003,0.150,-1.050,-9.100,-2.100
0.173,1.003,0.162,0.070,-10.010,-3.010
0.168,1.015,0.153,0.490,-10.990,-2.870
0.169,1.068,0.141,-1.190,-11.060,-0.140
0.170,1.068,0.152,-1.540,-11.830,1.890
0.164,1.068,0.182,-2.100,-13.930,3.850
0.165,1.058,0.157,-3.570,-15.260,5.390
0.166,0.997,0.101,-4.270,-14.280,3.290
0.175,0.950,0.036,-3.360,-10.780,0.280
0.258,1.558,-0.789,-12.040,82.950,59.290
0.279,1.694,-1.197,-13.510,130.340,79.940
0.253,1.826,-1.545,-16.240,191.450,108.990
0.172,1.874,-1.796,-15.960,264.600,129.150
-0.004,2.007,-1.651,-17.430,351.540,155.750
-0.322,2.156,-1.458,-29.820,406.630,184.310
-0.594,1.982,-1.066,-48.650,449.330,214.340
-0.833,1.946,-0.429,-76.930,459.900,240.100
-0.967,1.868,0.036,-102.620,447.160,263.830
-1.009,1.559,0.309,-108.920,440.370,280.840
-0.934,1.289,0.658,-98.280,426.650,290.640
-0.832,1.121,0.889,-53.690,402.850,309.050
-0.793,0.873,0.941,-20.370,374.150,314.230
-0.714,0.386,0.983,19.460,353.080,304.850
-0.492,-0.124,1.363,36.960,299.880,272.790
-0.365,-0.991,1.147,29.960,279.930,211.190
-0.128,-1.293,0.903,23.520,281.960,119.910
0.021,-1.047,0.841,23.170,273.070,68.530
0.076,-0.427,0.513,34.300,274.190,48.580
0.127,0.010,0.458,33.250,263.760,38.640
0.161,0.358,0.984,17.010,224.210,33.740
0.269,0.370,1.156,-6.370,192.780,19.320
0.352,0.547,1.192,-9.730,170.590,13.440
0.415,0.863,1.197,-9.170,150.080,15.610
0.343,1.098,1.238,-12.880,128.730,23.520
0.301,1.129,1.314,-5.180,106.750,33.670
0.285,1.099,1.484,-12.320,74.970,39.970
0.283,0.854,1.451,-8.260,48.930,36.400
0.270,0.666,1.341,-3.990,29.960,28.070
0.249,0.593,1.249,-5.110,11.480,13.020
0.267,0.483,1.162,-7.560,-4.410,1.680
0.264,0.434,1.147,-13.580,-23.240,-12.880
0.310,0.385,0.973,-13.930,-38.290,-26.880
0.335,0.460,0.717,-8.610,-43.890,-37.940
0.357,0.531,0.414,3.640,-40.250,-46.760
0.397,0.572,0.244,11.340,-28.630,-53.760
0.422,0.520,0.299,19.670,-23.800,-63.770
0.432,0.532,0.418,27.510,-23.590,-75.950
0.414,0.515,0.471,28.350,-24.010,-86.940
0.261,0.518,0.561,29.890,-29.680,-97.160
0.317,0.645,0.737,27.790,-38.780,-101.010
0.284,0.736,0.809,17.990,-47.600,-102.900
0.232,0.754,0.936,0.560,-57.750,-106.680
0.195,0.777,1.124,-3.640,-73.990,-108.220
0.177,0.731,1.231,6.440,-103.460,-111.720
0.112,0.706,1.115,19.460,-120.540,-114.870
0.063,0.741,1.016,30.940,-136.150,-115.850
0.064,0.714,0.874,46.550,-147.630,-118.370
0.055,0.769,0.732,60.620,-155.470,-116.270
0.056,0.793,0.575,73.150,-164.710,-114.660
0.039,0.669,0.530,85.050,-170.030,-119.770
0.050,0.529,0.536,99.470,-176.610,-136.850
0.018,0.558,0.458,93.380,-181.160,-147.420
-0.008,0.649,0.329,73.430,-180.460,-155.820
-0.018,0.904,0.332,44.450,-179.900,-156.450
-0.032,1.009,0.367,11.900,-179.970,-154.840
-0.010,1.111,0.465,-5.110,-182.700,-148.400
-0.032,1.388,0.555,-11.900,-192.920,-127.400
-0.033,1.516,0.360,-23.940,-194.810,-106.750
-0.016,1.456,0.244,-33.600,-187.390,-86.520
-0.007,1.326,0.223,-27.860,-180.040,-75.880
-0.001,1.136,0.181,-5.670,-173.670,-70.560
0.005,1.013,0.153,20.160,-167.300,-67.550
-0.002,0.972,0.289,43.540,-168.350,-63.980
0.000,0.848,0.402,54.600,-172.620,-68.530
0.010,0.759,0.404,58.030,-175.280,-76.580
0.016,0.832,0.291,42.630,-174.160,-79.520
-0.015,1.017,0.136,5.110,-165.690,-76.720
0.024,1.139,0.031,-48.440,-150.290,-72.170
0.062,1.161,0.079,-64.820,-139.230,-66.780
0.068,1.209,0.222,-57.540,-133.000,-57.260
0.075,1.254,0.242,-37.100,-132.860,-45.570
0.082,1.085,0.189,-0.560,-129.710,-38.570
0.061,0.955,0.197,22.330,-129.290,-39.410
0.061,0.754,0.091,41.580,-123.550,-47.740
0.062,0.690,0.059,47.320,-115.080,-57.260
0.053,0.770,0.183,42.000,-112.770,-62.300
0.071,0.913,0.225,27.440,-112.490,-62.300
0.077,1.030,0.196,14.420,-106.260,-58.380
0.094,1.106,0.187,4.830,-96.600,-51.940
0.124,1.107,0.089,0.770,-86.450,-46.270
0.123,1.142,0.018,-2.590,-75.180,-38.360
0.131,1.173,-0.014,-5.530,-63.840,-28.770
0.135,1.124,-0.009,-1.050,-51.240,-24.570
0.129,1.077,-0.017,6.300,-42.630,-21.490
0.124,1.079,-0.030,13.510,-33.740,-16.660
0.117,1.076,0.048,16.660,-27.230,-14.350
0.108,1.017,0.174,22.050,-24.920,-14.000
0.093,1.019,0.204,23.590,-23.240,-13.300
0.090,1.017,0.290,21.980,-22.680,-13.160
0.087,1.007,0.399,22.120,-26.810,-14.000
0.083,1.021,0.381,18.550,-30.660,-13.860
0.087,1.048,0.347,12.180,-31.780,-12.110
0.092,1.090,0.328,5.740,-33.880,-8.330
0.094,1.109,0.267,0.840,-32.480,-3.640
0.102,1.119,0.255,0.980,-31.290,2.940
0.099,1.064,0.255,3.500,-30.590,4.970
0.113,1.013,0.186,3.010,-26.390,4.830
0.126,0.973,0.026,-3.780,-17.150,2.100
0.125,0.970,0.038,-10.640,-9.590,-17.850
0.128,0.989,0.081,-10.640,-4.130,-1.120
0.131,0.973,0.125,-5.600,-0.350,-1.820
0.123,0.958,0.183,-1.470,1.050,-2.240
0.112,0.945,0.240,-0.490,0.350,-3.010
0.116,0.949,0.306,-2.170,-2.590,-3.010
0.114,0.940,0.301,-6.790,-4.550,-3.780
0.113,0.944,0.326,-9.520,-6.580,-3.570
0.119,0.942,0.351,-8.400,-10.500,-3.150
0.119,0.978,0.352,-4.480,-13.510,-1.330
0.127,0.983,0.335,-1.750,-14.700,-0.280
0.119,0.961,0.311,-0.910,-15.470,-1.400
0.109,0.928,0.239,-0.210,-13.370,-4.480
0.110,0.957,0.191,-0.210,-10.360,-6.020
0.109,1.012,0.170,-2.170,-7.350,-6.090
0.109,1.035,0.193,-1.330,-5.740,-5.390
0.114,0.993,0.194,4.410,-3.430,-6.720
0.118,0.976,0.178,9.030,-0.910,-8.330
0.128,0.960,0.148,8.890,3.360,-12.390
0.121,0.963,0.170,3.920,6.790,-13.580
0.163,1.526,-1.105,-16.450,171.220,81.410
0.119,1.667,-1.036,-19.810,218.190,104.930
0.052,1.635,-0.923,-28.420,258.790,130.550
-0.026,1.470,-0.779,-41.930,292.810,143.220
-0.149,1.262,-0.569,-56.840,336.070,150.920
-0.301,1.060,-0.004,-71.120,325.780,151.130
-0.354,0.808,0.511,-84.700,307.230,148.400
-0.284,0.491,0.640,-81.970,286.720,134.820
-0.242,0.338,0.216,-70.210,288.470,121.730
-0.251,0.361,0.027,-49.700,303.030,111.370
-0.235,0.433,-0.076,-24.290,312.550,104.860
-0.204,0.471,-0.201,10.920,327.180,92.400
-0.206,0.477,-0.085,39.340,338.170,83.230
-0.160,0.484,0.037,56.000,345.520,67.060
-0.136,0.484,0.076,60.480,353.920,50.610
-0.285,0.535,0.575,28.770,329.910,39.270
-0.317,0.563,1.156,-5.530,290.570,6.720
-0.210,0.421,1.789,-17.850,234.640,1.330
-0.138,0.479,1.884,-14.280,187.950,-14.840
-0.133,0.679,1.832,0.700,138.320,-21.770
-0.137,0.986,1.371,11.340,112.910,-17.710
-0.151,1.174,1.050,12.670,100.310,-9.800
-0.105,1.184,1.050,18.620,87.710,-4.060
-0.069,1.171,1.064,29.470,72.520,-1.400
-0.022,1.211,0.973,42.350,52.010,5.810
-0.016,1.290,0.900,35.350,36.330,12.040
0.013,1.243,0.881,21.840,22.610,16.100
0.038,1.202,0.918,12.180,8.120,19.670
0.051,1.136,0.915,7.140,-6.720,23.590
0.041,1.068,0.845,2.590,-18.480,24.220
0.039,1.026,0.743,-1.820,-26.110,24.500
0.039,1.087,0.450,-5.460,-27.650,28.000
0.047,1.060,0.244,-3.010,-21.630,31.710
0.068,1.057,0.228,3.780,-17.360,37.520
0.089,0.987,0.299,15.540,-15.260,39.340
0.114,0.925,0.425,23.590,-16.730,38.430
0.124,0.851,0.481,28.490,-19.390,34.930
0.115,0.790,0.465,29.470,-21.840,29.400
0.109,0.749,0.464,28.770,-23.030,22.330
0.102,0.738,0.498,30.170,-25.830,13.230
0.097,0.749,0.556,30.940,-30.450,6.720
0.086,0.677,0.613,30.450,-36.260,-2.380
0.085,0.653,0.679,28.560,-46.900,-11.830
0.065,0.651,0.724,25.480,-55.930,-20.650
0.046,0.689,0.783,21.350,-67.200,-27.930
0.043,0.723,0.827,24.920,-81.200,-37.100
0.031,0.733,0.803,33.460,-96.320,-43.470
-0.006,0.733,0.779,39.410,-115.010,-50.330
-0.020,0.775,0.853,45.850,-132.580,-55.440
-0.032,0.787,0.884,55.580,-153.650,-63.210
-0.050,0.783,0.803,50.610,-168.910,-70.420
-0.078,0.814,0.832,39.410,-190.470,-76.860
-0.110,0.906,0.819,27.860,-206.360,-78.680
-0.138,1.095,0.745,4.550,-221.550,-74.410
-0.151,1.114,0.635,-18.410,-231.000,-72.520
-0.128,1.076,0.433,-33.250,-236.040,-75.320
-0.136,1.028,0.201,-34.370,-229.880,-75.880
-0.134,1.188,-0.026,-39.830,-220.780,-67.410
-0.110,1.147,-0.259,-39.900,-195.160,-61.810
-0.024,1.094,-0.268,-23.870,-179.690,-56.700
0.009,1.060,-0.206,0.210,-166.600,-48.930
0.044,1.041,-0.042,26.740,-159.110,-44.870
0.075,0.976,0.087,43.120,-155.330,-43.610
0.059,1.003,0.214,46.130,-159.530,-40.600
0.048,0.945,0.205,36.890,-156.870,-41.090
0.048,0.991,0.312,23.380,-158.340,-36.330
0.033,1.038,0.336,0.630,-158.900,-33.600
0.038,1.037,0.295,-7.280,-157.360,-30.380
0.024,1.099,0.138,-11.130,-155.820,-22.750
0.030,1.135,0.025,-15.260,-145.460,-17.430
0.056,1.044,-0.195,-10.500,-126.770,-15.050
0.068,1.017,-0.318,-3.780,-106.750,-12.740
0.114,0.998,-0.301,8.050,-81.760,-11.690
0.120,0.976,-0.176,21.210,-70.560,-10.430
0.141,0.920,-0.062,33.530,-62.370,-14.140
0.153,0.874,0.030,34.370,-55.580,-17.570
0.113,0.886,0.217,28.140,-57.820,-20.090
0.115,0.882,0.347,19.880,-64.050,-22.610
0.112,0.853,0.464,17.570,-71.400,-25.970
0.084,0.932,0.530,15.890,-82.180,-24.430
0.087,0.894,0.543,19.600,-90.300,-25.480
0.095,0.893,0.427,22.750,-95.620,-25.340
0.081,0.899,0.345,22.400,-97.230,-25.970
0.081,0.909,0.226,22.470,-95.410,-26.460
0.085,0.889,0.003,21.490,-86.800,-29.680
0.109,0.915,-0.177,21.140,-71.820,-31.500
0.120,0.958,-0.278,22.330,-50.540,-32.200
0.139,1.032,-0.297,23.100,-34.930,-30.100
0.143,1.115,-0.253,21.560,-21.350,-24.430
0.123,1.078,-0.107,22.400,-13.370,-22.540
0.118,1.065,0.053,23.450,-9.660,-20.090
0.114,1.076,0.124,21.560,-8.190,-18.060
0.106,1.058,0.224,0.770,-8.960,-14.910
0.079,1.078,0.366,13.930,-15.890,-11.620
0.077,1.017,0.388,12.390,-20.720,-10.850
0.071,1.001,0.411,12.810,-27.790,-9.660
0.057,0.993,0.413,13.860,-32.480,-9.380
0.066,0.983,0.378,17.360,-36.120,-9.520
0.063,0.972,0.312,18.200,-37.660,-11.340
0.072,0.974,0.225,20.580,-36.400,-12.670
0.075,0.937,0.099,21.000,-30.450,-16.030
0.088,0.966,0.034,21.350,-24.150,-17.570
0.087,1.022,-0.011,18.830,-18.970,-17.360
0.093,1.098,-0.017,15.330,-15.400,-13.510
0.102,1.164,-0.027,9.520,-11.130,-8.330
0.104,1.158,-0.016,3.500,-4.760,-3.430
0.097,1.098,0.040,-0.490,-1.820,-1.260
0.088,1.055,0.113,-5.320,-1.400,1.050
0.084,1.019,0.152,-9.100,-1.820,0.980
0.084,1.002,0.179,-10.500,-1.960,0.770
0.082,1.007,0.233,-11.130,-3.500,0.770
0.085,0.983,0.223,-8.050,-3.850,-0.630
0.087,0.988,0.206,-5.740,-3.500,-1.540
0.074,0.973,0.225,-1.820,-4.270,-2.870
0.077,0.978,0.225,2.170,-5.320,-3.990
0.084,1.015,0.205,5.110,-6.510,-4.200
0.089,1.060,0.201,5.250,-6.860,-3.570
0.082,1.060,0.217,4.130,-8.190,-2.800
0.083,1.051,0.193,3.360,-8.820,-2.100
0.160,1.308,-1.118,-33.390,162.680,54.740
0.115,1.393,-0.975,-34.650,202.160,71.190
0.043,1.439,-0.916,-25.550,237.090,96.180
-0.031,1.520,-0.837,-10.500,271.110,119.700
-0.097,1.570,-0.726,6.300,311.010,143.850
-0.207,1.540,-0.495,23.100,333.550,167.790
-0.306,1.541,-0.226,31.080,343.840,189.840
-0.353,1.421,0.029,17.570,346.010,207.480
-0.401,0.875,0.237,-17.570,339.780,194.740
-0.404,0.496,0.325,-47.950,336.280,172.550
-0.369,0.310,0.456,-75.180,326.060,146.580
-0.312,0.122,0.541,-85.610,315.140,117.250
-0.282,0.183,0.858,-79.310,288.540,87.010
-0.194,0.227,0.957,-69.650,258.160,65.940
-0.088,0.411,0.818,-53.410,240.240,53.340
-0.020,0.591,0.926,-43.050,211.400,45.500
0.028,0.714,1.038,-30.450,187.530,42.350
0.084,0.770,1.046,-13.580,160.860,38.500
0.067,0.991,1.124,-9.590,134.820,41.510
0.084,1.119,1.114,-8.120,112.000,49.770
0.112,1.094,1.019,-6.440,84.700,53.270
0.138,1.014,0.959,-2.940,68.600,53.690
0.131,0.957,0.823,-1.050,56.350,50.750
0.149,0.846,0.658,4.270,50.820,41.020
0.155,0.794,0.611,5.530,45.780,32.480
0.169,0.750,0.611,5.600,40.950,22.470
0.184,0.769,0.653,3.080,33.950,14.280
0.191,0.813,0.691,-1.680,21.980,7.910
0.211,0.794,0.738,-3.150,12.180,1.470
0.211,0.798,0.782,-2.170,0.490,-4.060
0.205,0.731,0.757,5.250,-10.500,-13.860
0.199,0.719,0.752,12.110,-21.210,-20.790
0.189,0.707,0.691,17.850,-33.320,-28.140
0.185,0.693,0.624,21.560,-38.990,-35.490
0.172,0.693,0.628,22.750,-46.060,-45.780
0.165,0.716,0.685,25.200,-55.510,-52.150
0.155,0.744,0.711,26.320,-66.220,-59.290
0.151,0.709,0.613,30.240,-74.690,-67.480
0.123,0.769,0.538,34.370,-80.780,-72.730
0.108,0.847,0.457,36.960,-85.260,-74.130
0.106,0.939,0.436,32.410,-87.990,-73.220
0.114,0.914,0.503,29.190,-93.100,-75.810
0.121,0.901,0.570,31.640,-103.530,-77.560
0.094,1.028,0.563,25.970,-113.190,-74.620
0.075,1.008,0.490,7.630,-116.970,-74.900
0.070,0.992,0.570,-3.780,-123.410,-75.950
0.063,0.966,0.662,-7.420,-134.680,-78.260
0.036,0.874,0.634,-4.130,-148.190,-83.860
0.000,0.890,0.610,2.380,-157.290,-86.100
-0.015,0.776,0.495,11.480,-162.960,-95.410
-0.026,0.828,0.355,11.830,-162.120,-99.050
-0.036,0.883,0.285,8.190,-157.850,-101.360
-0.037,0.953,0.232,2.240,-154.560,-100.940
-0.025,1.037,0.265,-4.270,-153.720,-94.220
-0.023,1.171,0.299,-6.300,-155.610,-85.050
-0.010,1.292,0.382,-8.400,-162.120,-71.610
0.002,1.318,0.381,-5.880,-166.040,-59.220
0.005,1.342,0.309,1.890,-167.230,-41.720
-0.008,1.292,0.156,8.120,-162.190,-31.640
0.124,1.145,-0.044,17.150,-145.390,-26.320
0.017,1.086,-0.087,25.620,-131.880,-21.420
0.044,0.996,-0.032,36.190,-121.310,-19.180
0.060,0.889,0.026,40.740,-113.890,-22.470
0.063,0.810,0.138,43.960,-106.260,-27.930
0.060,0.797,0.226,43.470,-107.240,-33.320
0.056,0.789,0.218,41.090,-106.610,-41.020
0.067,0.896,0.243,33.670,-106.750,-42.980
0.056,0.958,0.253,25.620,-106.960,-42.070
0.056,1.030,0.285,19.530,-108.290,-37.240
0.058,1.115,0.302,15.330,-110.040,-30.100
0.062,1.197,0.312,11.970,-111.650,-18.130
0.063,1.164,0.212,11.550,-109.620,-11.270
0.063,1.105,0.106,12.390,-103.460,-7.140
0.073,1.062,0.021,14.560,-93.520,-4.480
0.087,0.991,-0.083,15.260,-82.180,-5.460
0.100,0.944,-0.135,13.580,-69.090,-7.140
0.104,0.908,-0.095,13.580,-58.800,-10.080
0.099,0.883,0.069,17.640,-54.320,-13.230
0.101,0.964,0.136,18.550,-55.230,-13.230
0.118,0.998,0.155,18.900,-54.950,-11.830
0.121,1.047,0.204,16.380,-56.070,-9.100
0.108,1.050,0.251,14.210,-59.290,-6.720
0.102,1.028,0.285,12.530,-63.140,-4.410
0.102,1.013,0.290,14.560,-65.940,-2.660
0.110,0.952,0.220,19.390,-65.660,-3.570
0.114,0.904,0.114,19.810,-60.270,-6.370
0.109,0.893,0.053,18.130,-51.940,-9.310
0.118,0.920,0.030,16.240,-45.920,-10.920
0.119,0.970,0.042,14.350,-41.440,-11.270
0.114,1.052,0.072,12.950,-39.550,-8.330
0.118,1.063,0.072,14.630,-37.240,-6.300
0.117,1.057,0.025,15.190,-31.290,-5.390
0.121,1.032,0.002,14.840,-26.180,-5.390
0.119,1.023,-0.006,11.970,-20.090,-5.390
0.124,1.021,0.000,6.790,-13.860,-5.250
0.123,1.049,0.043,3.640,-9.590,-3.430
0.116,1.059,0.107,1.610,-8.120,-0.700
0.111,1.058,0.220,2.170,-10.780,1.960
0.100,1.042,0.308,3.080,-15.330,3.990
0.097,0.990,0.356,8.190,-21.770,2.380
0.097,0.953,0.313,10.500,-25.970,0.070
0.107,0.987,0.262,10.640,-28.490,-0.560
0.106,1.026,0.211,8.540,-28.910,-0.140
0.107,1.048,0.191,7.350,-28.630,1.120
0.103,1.052,0.218,7.980,-30.100,2.310
0.106,0.993,0.181,12.740,-31.080,0.980
0.114,0.976,0.092,12.250,-28.070,-0.630
0.125,0.986,0.007,8.050,-20.510,-2.030
0.139,1.015,-0.001,3.430,-14.420,-2.030
0.138,1.055,0.025,0.700,-10.360,0.910
0.137,1.044,0.042,2.100,-7.000,2.520
0.137,1.022,0.083,3.010,-5.600,3.500
0.127,0.988,0.118,2.730,-4.900,3.080
0.125,0.976,0.171,0.980,-6.510,2.170
0.122,0.977,0.198,-0.140,-7.840,1.610
0.127,0.980,0.178,0.420,-8.120,1.190
0.125,1.006,0.178,0.420,-7.910,1.680
0.129,0.985,0.190,1.610,-8.400,1.260
0.125,1.010,0.199,0.560,-9.520,1.890
0.177,1.198,-1.414,-5.950,146.020,11.760
0.152,1.274,-1.840,-6.580,210.910,18.480
0.090,1.329,-1.951,-14.700,279.160,29.750
-0.029,1.288,-1.987,-36.680,347.340,36.190
-0.207,1.206,-1.840,-62.650,413.980,42.840
-0.448,1.187,-1.432,-86.240,483.770,52.640
-0.614,1.183,-1.089,-99.330,522.760,73.290
-0.755,1.220,-0.642,-93.450,541.030,90.860
-0.848,1.208,-0.087,-74.690,543.620,107.170
-0.863,1.103,0.385,-40.110,528.360,119.000
-0.837,1.022,0.776,-0.980,498.330,126.980
-0.842,0.888,1.147,31.640,453.670,128.450
-0.785,0.799,1.345,28.210,404.670,123.550
-0.709,0.683,1.728,-2.590,333.900,112.280
-0.571,0.466,2.069,-42.700,270.130,91.910
-0.375,0.250,2.144,-78.890,210.980,53.200
-0.300,0.108,2.195,-66.990,152.600,22.890
-0.170,0.294,1.885,-40.670,103.110,3.850
-0.123,0.571,1.078,-19.880,66.220,-8.890
-0.035,0.895,0.679,-11.690,55.160,-8.050
0.047,1.066,0.501,-2.030,52.010,-3.220
0.118,1.144,0.642,8.260,40.950,1.190
0.156,1.145,0.707,16.940,25.830,5.740
0.152,1.105,0.505,19.180,10.710,8.470
0.121,1.028,0.547,15.330,3.010,7.770
0.094,0.931,0.521,8.190,-2.030,3.500
0.069,0.877,0.580,2.240,-10.150,-3.500
0.053,0.851,0.596,-5.040,-16.940,-9.590
0.045,0.888,0.643,-9.310,-24.010,-14.070
0.040,0.906,0.657,-11.830,-35.910,-17.570
0.034,0.937,0.600,-14.000,-42.840,-20.370
0.037,0.969,0.530,-12.390,-47.670,-22.120
0.051,1.011,0.467,-5.670,-53.270,-20.860
0.074,1.040,0.381,2.380,-55.510,-18.760
0.092,1.056,0.308,10.920,-55.930,-16.240
0.102,1.065,0.217,18.690,-54.110,-13.860
0.110,1.066,0.194,20.650,-50.680,-11.410
0.125,1.076,0.306,20.580,-51.030,-9.730
0.133,1.039,0.371,20.930,-53.550,-9.380
0.136,1.017,0.425,21.280,-57.400,-9.940
0.115,0.961,0.467,18.620,-62.720,-12.250
0.086,0.919,0.562,17.010,-70.840,-15.260
0.059,0.877,0.786,18.550,-90.510,-18.550
0.048,0.849,0.876,22.960,-109.900,-22.120
0.011,0.798,0.936,24.710,-130.760,-29.190
-0.010,0.809,1.025,22.680,-154.980,-32.550
-0.043,0.792,1.061,23.170,-182.000,-37.590
-0.089,0.762,0.996,29.120,-214.270,-42.420
-0.123,0.747,0.915,37.240,-238.210,-50.330
-0.163,0.718,0.700,43.260,-253.400,-58.520
-0.186,0.727,0.479,44.800,-260.890,-66.290
-0.201,0.774,0.195,42.350,-259.980,-71.890
-0.187,0.851,0.086,42.490,-256.690,-75.740
-0.177,0.928,-0.016,49.420,-250.950,-73.920
-0.150,1.052,-0.059,52.360,-242.830,-66.990
-0.116,1.198,-0.131,50.610,-236.320,-55.930
-0.091,1.248,-0.367,42.280,-220.570,-42.350
-0.044,1.285,-0.573,33.530,-195.230,-30.380
0.018,1.311,-0.537,25.830,-163.800,-18.550
0.049,1.288,-0.388,25.130,-146.370,-3.850
0.057,1.199,-0.114,34.090,-142.310,3.220
0.049,1.105,0.055,41.440,-143.710,7.560
0.072,0.975,0.105,47.880,-143.150,6.510
0.039,0.927,0.221,44.310,-146.090,3.430
0.037,0.844,0.207,38.850,-147.560,-3.710
0.010,0.778,0.183,28.280,-148.330,-13.860
-0.004,0.815,0.188,20.930,-149.800,-19.460
0.000,0.898,0.199,18.410,-152.390,-20.930
0.020,0.967,0.092,16.520,-151.340,-20.300
0.031,1.036,0.008,13.300,-147.700,-16.730
0.042,1.048,-0.190,8.960,-139.370,-14.980
0.071,1.037,-0.438,7.350,-120.750,-13.510
0.107,1.058,-0.524,7.490,-94.290,-10.500
0.123,1.068,-0.506,8.890,-76.790,-7.910
0.135,1.050,-0.495,12.530,-59.780,-6.230
0.133,1.017,-0.389,14.700,-47.180,-7.070
0.121,1.010,-0.240,13.160,-38.220,-7.140
0.134,1.025,-0.197,7.700,-29.890,-7.280
0.125,1.031,-0.084,-1.540,-24.920,-6.300
0.115,1.042,0.017,-6.160,-23.940,-4.830
0.111,1.047,0.081,-7.280,-23.660,-2.660
0.116,1.037,0.169,-3.920,-26.180,-0.770
0.112,1.025,0.212,1.050,-30.100,0.980
0.110,0.984,0.191,6.230,-32.410,-0.280
0.105,0.980,0.163,7.070,-33.880,-1.540
0.104,0.990,0.130,4.060,-35.280,-2.380
0.101,1.013,0.058,-0.420,-34.790,-2.660
0.106,1.027,-0.010,-2.800,-32.200,-2.170
0.111,1.065,-0.056,-3.430,-28.350,0.140
0.103,1.089,-0.070,-3.080,-24.500,2.450
0.109,1.108,-0.080,-2.100,-19.250,4.970
0.111,1.072,-0.103,-1.050,-14.420,5.040
0.114,0.988,-0.148,-0.910,-7.700,2.030
0.118,0.951,-0.166,-0.770,2.310,-1.470
0.122,0.956,-0.107,0.210,7.560,-3.640
0.122,0.987,-0.036,1.540,9.870,-4.270
0.119,0.990,0.019,4.200,10.640,-5.040
0.113,0.996,0.069,4.760,10.220,-5.320
0.113,1.005,0.111,3.780,7.210,-4.690
0.116,1.011,0.117,0.420,5.670,-4.130
0.115,1.009,0.139,-1.610,3.500,-2.730
0.112,1.043,0.166,-2.450,-0.210,-0.770
0.112,1.059,0.173,-1.260,-3.920,1.540
0.118,1.050,0.113,-0.350,-6.300,2.870
0.114,1.028,0.077,1.120,-6.650,3.290
0.110,1.031,0.056,0.070,-6.510,2.870
0.108,0.984,0.047,-0.280,-6.510,0.560
0.105,1.006,0.035,-2.380,-5.950,-0.700
0.107,1.025,0.022,-3.080,-5.250,-0.980
0.105,1.050,-0.013,-2.800,-3.640,-0.350
0.107,1.050,-0.029,-1.190,-0.840,0.420
0.107,1.063,-0.000,0.490,0.420,0.980
0.110,1.028,0.017,3.500,1.890,0.490
0.112,1.007,-0.006,4.830,4.690,-0.910
0.114,1.013,0.008,3.780,6.720,-1.960
0.115,0.998,0.021,1.820,8.260,-2.660
0.110,1.008,0.056,0.280,7.910,-2.800
0.110,1.012,0.103,-1.120,5.950,-2.940
0.107,1.035,0.142,-2.100,2.310,-1.610
0.172,1.322,-1.200,-25.200,139.020,36.400
0.153,1.346,-1.590,-36.400,200.480,47.180
0.102,1.563,-1.600,-49.700,259.000,70.770
-0.001,1.476,-1.492,-57.680,312.830,87.710
-0.099,1.506,-1.206,-63.770,369.950,106.120
-0.280,1.460,-1.025,-63.000,405.090,123.690
-0.396,1.455,-0.719,-42.560,428.540,151.620
-0.524,1.552,-0.275,-28.070,434.490,178.220
-0.575,1.517,0.138,-11.760,426.230,199.150
-0.574,1.276,0.483,10.290,412.370,210.980
-0.584,1.012,0.876,28.770,383.250,214.480
-0.529,0.720,1.130,26.460,347.690,200.410
-0.440,0.367,1.368,5.950,306.740,173.250
-0.304,0.075,1.669,-23.520,244.370,138.040
-0.141,-0.092,1.786,-51.100,191.590,77.980
-0.039,-0.089,1.745,-54.250,150.220,49.420
0.048,0.031,1.586,-45.010,108.220,19.810
0.091,0.327,1.144,-29.820,68.180,3.010
0.200,0.613,0.976,-14.700,46.130,-4.690
0.248,0.847,0.901,-2.870,25.970,-6.300
0.293,0.976,0.915,9.940,4.270,-5.320
0.316,0.994,0.873,14.000,-16.380,-4.620
0.311,0.907,0.733,14.770,-37.100,-9.170
0.289,0.823,0.692,13.860,-48.790,-15.610
0.266,0.798,0.717,16.380,-63.000,-23.100
0.245,0.731,0.761,19.180,-79.800,-32.480
0.221,0.604,0.808,23.730,-96.460,-47.110
0.207,0.506,0.888,33.320,-122.640,-64.820
0.177,0.444,0.933,46.620,-144.760,-83.580
0.129,0.476,0.967,61.600,-169.610,-103.180
0.072,0.566,0.893,65.660,-192.920,-114.450
0.024,0.740,0.662,60.410,-208.040,-118.790
-0.013,0.927,0.337,44.450,-214.550,-117.180
0.008,1.019,0.058,25.200,-207.830,-116.130
0.025,1.028,-0.145,12.670,-195.370,-110.320
0.036,1.180,-0.255,3.780,-183.540,-101.640
0.091,1.214,-0.258,-0.980,-166.110,-93.170
0.122,1.230,-0.064,2.240,-162.190,-84.000
0.118,1.204,0.139,12.460,-167.440,-76.790
0.098,1.070,0.226,33.950,-174.930,-73.990
0.047,1.011,0.277,47.250,-183.190,-73.640
-0.121,0.996,0.382,52.920,-196.070,-72.380
-0.029,1.003,0.446,56.420,-207.690,-70.840
-0.044,1.098,0.397,49.280,-214.900,-64.540
-0.064,1.191,0.397,39.480,-221.690,-55.790
-0.073,1.253,0.308,28.490,-226.660,-45.850
-0.074,1.213,0.152,25.690,-224.490,-38.430
-0.090,1.145,0.077,33.040,-221.620,-30.870
-0.085,1.081,-0.033,45.430,-218.540,-27.860
-0.058,1.058,-0.340,55.020,-202.930,-26.950
-0.004,1.114,-0.642,61.740,-180.950,-21.000
0.064,1.184,-1.012,52.850,-143.430,-15.190
0.123,1.231,-1.153,38.360,-101.640,-8.400
0.174,1.223,-1.083,26.180,-52.290,-2.590
0.178,1.166,-0.843,19.670,-24.430,1.890
0.165,1.099,-0.519,15.890,-9.940,4.760
0.145,1.002,-0.248,10.710,-3.850,4.970
0.124,0.945,-0.022,6.020,-5.950,3.570
0.124,0.878,0.092,2.520,-10.710,0.140
0.131,0.862,0.167,-1.190,-14.560,-3.150
0.125,0.879,0.193,-5.040,-18.410,-5.530
0.123,0.946,0.208,-8.330,-22.960,-5.180
0.107,0.979,0.232,-8.680,-30.660,-2.590
0.108,1.022,0.219,-7.840,-37.800,0.840
0.114,1.015,0.136,-6.370,-41.440,3.080
0.112,1.017,0.042,-6.020,-42.490,4.550
0.120,1.001,-0.057,-4.760,-39.130,4.060
0.117,1.002,-0.275,-4.130,-30.450,3.780
0.131,0.987,-0.415,-3.290,-16.030,2.100
0.138,1.026,-0.383,-1.890,-3.290,2.730
0.144,1.059,-0.278,-2.660,4.690,3.990
0.131,1.071,-0.139,-6.650,9.940,6.230
0.112,1.054,-0.020,-11.970,8.050,7.000
0.114,0.988,0.034,-13.580,6.020,5.110
0.120,0.946,0.097,-10.010,2.520,3.920
0.128,0.967,0.113,-6.930,-0.630,3.570
0.133,0.958,0.133,-3.500,-3.780,2.660
0.135,0.943,0.142,-0.140,-6.790,0.910
0.131,0.905,0.119,4.830,-9.310,-2.800
0.132,0.943,0.072,5.390,-10.850,-4.410
0.130,0.972,0.035,4.830,-11.270,-5.110
0.130,1.011,-0.023,5.110,-10.990,-4.410
0.135,1.033,-0.086,5.180,-8.120,-3.220
0.137,1.052,-0.110,3.500,-5.180,-2.170
0.136,1.018,-0.135,0.840,0.490,-2.730
0.133,1.026,-0.086,-1.610,2.800,-2.660
0.135,1.047,-0.053,-4.340,4.620,-1.260
0.130,1.058,-0.014,-6.370,5.180,0.140
0.137,1.058,0.020,-5.810,5.110,1.400
0.127,1.029,0.050,-3.780,3.710,1.400
0.122,1.006,0.055,-1.680,2.800,0.770
0.126,1.000,0.078,-0.700,1.680,0.700
0.124,1.003,0.106,-1.400,-1.120,0.840
0.125,0.977,0.109,-1.400,-3.920,-0.420
0.129,0.982,0.080,-0.700,-6.090,-0.910
0.131,1.000,0.055,-1.120,-6.930,-1.050
0.131,1.017,0.038,-2.730,-7.490,-0.840
0.130,1.019,0.024,-5.110,-7.420,-0.630
0.125,1.031,-0.000,-5.600,-7.140,-0.280
0.130,1.022,-0.034,-4.760,-5.110,-0.700
0.126,1.017,-0.041,-1.120,-3.570,-1.190
0.130,1.013,-0.036,1.260,-1.750,-1.680
0.130,1.016,-0.008,2.450,0.140,-1.610
0.135,1.020,0.020,1.470,0.070,-1.820
0.135,1.002,0.045,0.070,-0.560,-2.800
0.134,1.004,0.054,-1.400,-1.190,-2.730
0.132,1.017,0.065,-1.960,-2.240,-2.590
0.136,1.029,0.072,-1.330,-3.850,-1.750
0.130,1.043,0.077,-1.820,-5.600,-0.840
0.124,1.018,0.051,-3.360,-6.160,-1.330
0.122,1.025,0.028,-4.970,-5.740,-1.260
0.122,1.037,0.007,-7.210,-4.550,-1.050
0.121,1.044,0.011,-8.610,-3.430,-0.420
0.124,1.051,0.039,-8.400,-3.640,0.350
0.127,1.037,0.036,-7.840,-3.640,0.560
0.127,1.005,0.009,-6.720,-2.240,-0.840
0.128,0.983,-0.025,-5.110,0.280,-2.380
0.126,1.008,0.015,-3.920,1.120,-2.660
0.127,1.008,0.050,-0.910,0.840,-2.380
0.158,1.333,-1.501,-41.230,125.930,34.090
0.150,1.507,-1.774,-58.100,190.750,57.120
0.122,1.690,-1.959,-87.290,259.630,77.280
-0.002,1.642,-2.074,-108.500,357.140,96.950
-0.244,1.757,-1.905,-135.730,420.840,122.290
-0.456,1.634,-1.523,-167.720,469.770,149.660
-0.656,1.411,-0.933,-196.770,492.730,170.940
-0.742,1.266,-0.458,-203.140,498.890,189.140
-0.807,0.902,0.065,-194.250,471.730,195.160
-0.755,0.715,0.993,-188.720,439.600,198.870
-0.670,0.363,1.315,-186.760,392.420,189.210
-0.558,-0.103,1.470,-175.840,345.310,160.440
-0.473,-0.216,1.472,-166.530,303.590,139.370
-0.374,-0.113,1.470,-148.470,247.940,118.510
-0.152,-0.112,1.025,-103.530,231.560,92.540
-0.090,0.354,1.112,-48.370,207.830,87.150
-0.019,0.538,0.984,-7.420,185.430,85.120
0.142,0.711,0.964,16.030,168.210,81.900
0.189,0.766,0.929,13.720,151.970,73.780
0.228,0.598,0.989,4.760,138.600,53.270
0.245,0.588,1.118,5.880,117.880,40.530
0.224,0.639,1.131,8.120,94.080,30.940
0.187,0.636,1.041,5.110,76.790,21.070
0.146,0.638,1.154,0.000,51.380,12.810
0.108,0.599,1.298,-5.950,26.390,1.190
0.109,0.541,1.310,-11.760,4.620,-16.800
0.094,0.561,1.300,-13.860,-16.870,-29.190
0.070,0.626,1.259,-13.020,-46.480,-37.660
0.063,0.693,1.152,-11.900,-64.750,-45.220
0.064,0.710,1.066,-11.270,-79.240,-56.840
0.075,0.706,1.096,-9.730,-101.290,-65.730
0.081,0.677,1.218,-1.400,-122.920,-76.300
0.055,0.657,1.216,12.460,-147.210,-89.110
0.034,0.712,1.088,34.300,-166.180,-95.270
0.002,0.867,0.930,47.110,-181.580,-93.870
-0.023,0.920,0.768,60.550,-196.420,-91.070
-0.041,0.964,0.774,74.480,-210.420,-86.030
-0.041,0.827,0.768,90.440,-224.000,-89.600
-0.062,0.784,0.770,103.460,-238.770,-93.450
-0.078,0.753,0.654,100.240,-251.930,-99.330
-0.096,0.805,0.564,93.240,-258.230,-103.390
-0.102,0.821,0.443,89.740,-260.890,-106.960
-0.112,0.961,0.331,81.480,-260.120,-101.150
-0.120,1.037,0.248,72.030,-258.650,-93.380
-0.080,1.102,0.138,60.550,-253.540,-83.580
-0.060,1.124,0.103,47.040,-247.800,-74.130
-0.023,1.097,0.017,43.120,-237.580,-68.950
-0.002,1.068,-0.125,44.660,-220.150,-64.960
0.038,1.001,-0.282,50.960,-200.620,-64.260
0.059,0.985,-0.362,59.850,-179.690,-61.390
0.086,1.027,-0.345,62.230,-160.860,-57.610
0.135,1.059,-0.365,61.670,-135.170,-52.920
0.161,1.101,-0.354,56.560,-116.130,-45.290
0.171,1.148,-0.291,48.930,-98.700,-39.060
0.183,1.144,-0.217,44.940,-80.710,-33.110
0.190,1.133,-0.087,41.510,-71.610,-27.090
0.195,1.104,-0.040,37.800,-64.260,-21.070
0.175,1.083,0.032,31.640,-59.780,-16.240
0.170,1.078,0.111,24.710,-56.350,-12.040
0.170,1.032,0.161,19.460,-55.720,-9.450
0.163,0.996,0.204,17.500,-56.490,-7.490
0.150,0.993,0.217,17.640,-59.290,-5.320
0.147,0.972,0.177,17.290,-59.080,-4.760
0.143,0.956,0.156,17.010,-58.030,-4.970
0.148,0.905,0.140,19.180,-56.630,-7.560
0.144,0.934,0.150,20.790,-56.490,-8.470
0.142,0.962,0.097,20.510,-54.810,-8.190
0.147,0.996,0.041,19.110,-50.960,-6.860
0.155,1.018,-0.002,17.360,-46.130,-5.110
0.160,0.985,-0.054,16.380,-37.800,-5.810
0.175,0.981,-0.056,14.490,-31.570,-6.440
0.173,0.984,-0.061,10.920,-25.200,-6.860
0.181,1.005,-0.045,9.660,-19.740,-6.300
0.185,1.007,-0.033,7.280,-14.700,-5.460
0.167,0.984,-0.019,6.860,-10.710,-5.390
0.181,0.980,0.018,7.490,-8.260,-5.390
0.183,0.989,0.045,7.980,-6.720,-4.200
0.192,0.983,0.074,8.400,-6.020,-3.430
0.183,0.986,0.086,6.790,-5.670,-2.310
0.181,0.999,0.111,4.340,-6.440,-1.190
0.185,0.973,0.123,3.570,-6.860,-1.890
0.184,1.000,0.145,2.730,-8.610,-0.770
0.183,0.975,0.114,3.780,-9.450,-1.260
0.181,0.978,0.071,4.690,-8.610,-1.610
0.170,0.990,0.065,4.480,-7.980,-2.450
0.172,0.996,0.093,3.920,-8.540,-3.220
0.176,1.024,0.102,1.750,-8.890,-2.660
0.176,1.032,0.088,-0.070,-8.890,-2.310
0.181,1.031,0.065,-0.560,-7.490,-1.540
0.178,1.038,0.052,1.050,-6.230,-1.540
0.170,1.032,0.053,1.890,-4.830,-1.260
0.181,1.016,0.064,4.060,-3.500,-1.400
0.177,1.001,0.071,7.070,-2.590,-1.960
0.187,0.998,0.063,9.380,-0.630,-1.890
0.180,1.014,0.096,10.360,-1.330,-0.630
0.163,1.010,0.120,7.910,-2.940,-0.770
0.177,0.974,0.134,6.370,-4.620,-1.960
0.167,0.974,0.134,3.710,-5.740,-2.660
0.174,0.978,0.136,2.590,-6.860,-3.220
0.177,0.982,0.113,2.730,-7.350,-3.710
0.176,0.985,0.095,2.660,-7.210,-4.130
0.171,0.989,0.083,2.800,-6.440,-4.900
0.177,1.007,0.078,2.240,-4.550,-5.600
0.171,1.028,0.090,2.310,-3.920,-5.670
0.166,1.050,0.101,2.870,-3.150,-4.690
0.163,1.070,0.110,3.640,-3.290,-3.500
0.156,1.068,0.113,3.920,-3.710,-2.590
0.150,1.070,0.155,3.990,-5.740,-0.700
0.154,1.066,0.177,4.340,-7.910,0.140
0.162,1.066,0.190,4.690,-10.360,1.400
0.168,1.055,0.168,4.270,-12.460,2.520
0.168,1.041,0.143,3.220,-13.090,3.360
0.160,0.882,0.140,3.640,-13.930,2.590
0.165,1.005,0.135,3.920,-14.630,3.220
0.171,0.992,0.112,4.900,-14.770,3.010
0.174,0.995,0.080,5.180,-13.580,3.080
0.175,0.983,0.044,4.550,-11.830,2.450
0.173,0.935,0.021,4.690,-9.100,-0.560
0.175,0.943,0.022,3.710,-6.720,-3.430